ダンジョン内にはカギのついた宝箱や扉が無数に存在しており,There are countless treasure chests and doors with keys inside the dungeon.,,,,
技術ステータスに応じた成功率で開錠を試みることができる,You can attempt to open the lock with a success rate depending on your technical status.,,,,
開錠に失敗した場合は鍵穴が潰れてしまい干渉できなくなる,"If you fail to open the lock, the keyhole will be crushed and you will not be able to intervene.",,,,
開錠に失敗する前の錠前であればこじ開けることも可能,It is possible to pry open the lock if it has not yet been unlocked.,,,,
確実にカギを開けられるが疲労度が蓄積する,"You can open the lock reliably, but fatigue accumulates.",,,,
宝箱や鍵扉は１日経過でリセットされランダム再配置される,Treasure chests and key doors will be reset and rearranged randomly after one day.,,,,
日を改めることで\C[6]開錠失敗した扉に再挑戦したり、,"By changing the day\C[6] you can retry the door you failed to unlock,",,,,
宝箱稼ぎができる,You can earn treasure chests,,,,
鍵以外のギミック（レバー、踏み込みスイッチ,"Gimmicks other than keys (levers, push switches",,,,
テレポーター、かんぬき等）は、一度起動すればリセットされない,"Teleporters, bolts, etc.) do not reset once activated.",,,,
街やダンジョン内で行動していると時間が経過し,Time passes when you act in a town or dungeon.,,,,
朝、昼、夕、夜と時間が巡る,"Time passes through morning, noon, evening, and night.",,,,
利用できる街の機能や会える人々も時間帯に応じて変化するため、,"The city functions you can use and the people you can meet change depending on the time of day, so",,,,
色々な時間帯の街を覗いてみることで新しい出来事に,Discover new things by looking at the city at different times of day,,,,
出くわすことができるだろう,you will be able to come across,,,,
ダンジョン内では夜になるとモンスターが活発化し,Monsters become more active in the dungeon at night.,,,,
攻撃がより激しくなる,attack becomes more intense,,,,
夜間探索は非常に危険だが、珍しいアイテムが採取できたり,"Exploring at night is very dangerous, but you can collect rare items.",,,,
夜しか開かない道があったりと収穫も多い,"There are roads that are only open at night, and the harvest is abundant.",,,,
\C[1]SP\C[0]とはスキルの発動に必要なパワーだ,\C[1]SP\C[0] is the power required to activate the skill.,,,,
戦闘中、通常攻撃や被ダメージ、回復行動等で自然に溜まり,"During battle, it accumulates naturally from normal attacks, damage received, recovery actions, etc.",,,,
戦闘が終了すると初期値にリセットされる,"When the battle ends, it will be reset to the initial value.",,,,
\C[1]SP\C[0]の初期値は現在の疲労度に応じて戦闘開始時に決まる,The initial value of \C[1]SP\C[0] is determined at the start of the battle depending on the current fatigue level.,,,,
例）疲労0%→\C[1]SP50\C[0]で戦闘開始,Example) Start battle with fatigue 0% →\C[1]SP50\C[0],,,,
疲労度50%→\C[1]SP25\C[0]で戦闘開始,Battle starts with fatigue level 50% →\C[1]SP25\C[0],,,,
疲労が蓄積してくると開幕から強力なスキルを使えなくなる,"As fatigue accumulates, you will not be able to use powerful skills from the beginning.",,,,
同じ敵でも疲労度によっては脅威になるので注意が必要だ,"Even the same enemy can become a threat depending on its fatigue level, so be careful.",,,,
\C[6]性欲ゲージ,\C[6] Libido Gauge,,,,
\C[6]貞操観念,\C[6] Chastity idea,,,,
善悪観念,concept of good and evil,,,,
\C[6]NPCとの交流コマンド,\C[6] Interaction command with NPC,,,,
\i[13]性欲ゲージは\n[1]の性欲の溜まり具合を表している。,\i[13]The libido gauge represents the level of \n[1] sexual desire.,,,,
性欲は時間経過や、エッチなイベント中に溜まっていく。,Sexual desire builds up over time and during erotic events.,,,,
エッチイベント中に性欲がMAXに達することで,By reaching the maximum sexual desire during the sex event,,,,
\N[1]が絶頂し、溜まったゲージが経験値に昇華される,\N[1] reaches its peak and the accumulated gauge is sublimated into experience points.,,,,
また、性欲の溜まり具合は貞操観念にも影響を及ぼす。,"Also, the level of sexual desire has an impact on the concept of chastity.",,,,
ムラムラが溜まってる状態だと貞操観念が緩まり,"When you are horny, your sense of chastity becomes loose.",,,,
エッチな選択肢のハードルが下がる。,The hurdles for naughty choices are lowered.,,,,
敵の中には組み付いて\c[27]エッチなグラップ攻撃\c[0]を行うものもおり、,Some enemies will grapple and perform naughty grapple attacks.,,,,
性欲が溜まっていると\c[27]グラップ攻撃\c[0]を許してしまう確率が高まる,"If you have a lot of sexual desire, the probability of allowing a [27]grap attack\c[0] increases.",,,,
"貞操を守り抜きたいのであれば、宿で\RB[自慰,オナニー]することで解消し","If you want to maintain your chastity, you can do it by masturbating at the inn.",,,,
敵からのグラップ攻撃を未然に防ぐことができる,Can prevent grapple attacks from enemies,,,,
貞操観念は\N[1]の性に対する解放度を示すパラメーターだ。,The idea of ​​chastity is a parameter that indicates the degree of sexual freedom of \N[1].,,,,
過激な行動や選択肢は一定以上の淫乱値に傾いた貞操観でないと,Radical actions and choices must be based on chastity that leans toward lewdness above a certain level.,,,,
\N[1]が拒絶反応を示し選択することができない,\N[1] has a rejection reaction and cannot be selected.,,,,
貞操観念は選んだ選択肢や行動によって少しづつ変化していく他、,"The idea of ​​chastity changes little by little depending on the choices and actions you choose, and",,,,
性欲の溜まり具合や、酒酔い等の状態異常にも影響を受け、,"It is also affected by the level of sexual desire and abnormal conditions such as drunkenness,",,,,
その時々で変動する。,It changes from time to time.,,,,
善悪観念は\N[1]の倫理観を示すパラメーターだ,The concept of right and wrong is a parameter that shows the ethics of\N[1],,,,
悪事を働けば混沌に傾き、善行を行えば秩序に傾く,"If you do bad things, you tend to chaos, and if you do good things, you tend to order.",,,,
名声はアトラの街での評判を示している,Fame indicates Atla's reputation in the city.,,,,
仕事をこなしたり誉ある行動を示したときに高まり、,"Increased when you complete a task or display honorable behavior,",,,,
道を外れたことをした際に低下する,Decreases when you do something off the beaten track.,,,,
目先の利益に目がくらみ悪行を重ね、悪名がとどろくと,"Blinded by short-term profits, he commits bad deeds and gains notoriety.",,,,
施設料金が高くなったり、衛兵からの扱いが酷くなったり,Facility fees will be higher and the treatment from the guards will be worse.,,,,
鼻つまみ者として相応の扱いを受けるだろう,"As someone who picks his nose, he will be treated accordingly.",,,,
頭上に吹き出しの出ているNPCに対しては,For NPCs with speech bubbles above their heads,,,,
１日１回まで交流コマンドを実行できる,You can execute exchange commands up to once a day.,,,,
\N[1]の能力（交渉能力・性的魅力・対人戦力）が,"\N[1] abilities (negotiation ability, sexual appeal, interpersonal skills)",,,,
相手の抵抗力を超えていたらコマンドは100%成功し、,"If it exceeds the opponent's resistance, the command will be 100% successful.",,,,
下回っている場合数値が離れる程成功率が下がっていく,"If it is below, the success rate decreases as the numbers get farther apart.",,,,
\C[2]「交渉」コマンド\C[0],"\C[2] ""Negotiation"" command \C[0]",,,,
相手の職業・立場に応じた何らかの協力を得る,Obtain some kind of cooperation depending on the other person's occupation/position.,,,,
\C[27]「花売」コマンド\C[0],"\C[27] ""Flower vendor"" command \C[0]",,,,
アマリリスの花を売りつける,sell amaryllis flowers,,,,
好色家相手にはそれだけでは済まない可能性も……,There's a possibility that that alone won't suffice when dealing with a lecher...,,,,
\C[18]「略奪」コマンド\C[0],"\C[18] ""Loot"" command\C[0]",,,,
金品を脅しとったり、力づくで協力させる,Extorting money or goods by force or coercing someone to cooperate,,,,
\C[5]「贈答」コマンド\C[0],"\C[5] ""Gift"" command \C[0]",,,,
持ち物をプレゼントすることができる,You can gift your belongings,,,,
好物をあげて好感度を上げたり、,"Increase your likeability by giving them your favorite food,",,,,
特定のものを渡すことでイベントが分岐する,Events branch by passing specific things,,,,
\C[5]「贈答」\C[0]は、交渉・花売・略奪とは別に,"\C[5] ""Gifts"" \C[0] are separate from negotiations, flower sales, and plunder.",,,,
1日1回行うことができる,Can be done once a day,,,,
理性値,rationality value,,,,
空腹と尿意,hunger and urge to urinate,,,,
野営,camping,,,,
行き詰ったときは…,When you get stuck...,,,,
\N[1]は耐えがたいストレスに晒されたり,\N[1] was exposed to unbearable stress.,,,,
死亡からの蘇生等の人智を超えた体験をすると\C[6]理性値\C[0]が減少する,"If you experience something beyond human comprehension, such as being revived from death, \C[6] rationality value \C[0] will decrease.",,,,
理性値の低下とともに徐々に疲労が蓄積しやすくなったり,Fatigue gradually becomes easier to accumulate as the rationality value decreases.,,,,
回復薬の効き目が薄くなったりし、最終的には発狂状態に陥る,"The effectiveness of recovery medicine becomes less effective, and eventually the person goes insane.",,,,
理性値は生者として健全な営みを行うことで回復する,Rationality is restored by engaging in healthy activities as a living person.,,,,
【例】食事、睡眠、繁殖行動など,"[Example] Eating, sleeping, breeding behavior, etc.",,,,
アイテム欄の各種食物を食べることで回復効果やバフが得られる,You can obtain recovery effects and buffs by eating various foods in the item column.,,,,
満腹度が限界に達するとそれ以上食べてもバフは得られない,"Once you reach the limit of fullness, you will not get any buffs even if you eat more.",,,,
満腹度は眠ることでリセットされる,Your hunger level is reset by sleeping.,,,,
戦闘をこなすことでも僅かに減少していく,It also decreases slightly by fighting battles.,,,,
飲料を飲むと尿意が溜まる,I feel the urge to urinate when I drink beverages,,,,
尿意は宿に泊まったりトイレを利用することでリセットされる,The urge to urinate is reset by staying at a hotel or using the toilet.,,,,
ダンジョン内に点在する野営ポイントでは,At camp points scattered throughout the dungeon,,,,
乾いた薪を消費することで、疲労が癒えHPとMPが全回復する,"By consuming dry firewood, fatigue will be cured and HP and MP will be fully recovered.",,,,
一度街に戻り宿で休息しないと次のキャンプは行えない,You won't be able to camp again unless you return to town and rest at an inn.,,,,
ダンジョンの次の層へ至る道は複数存在する,There are multiple paths to the next level of the dungeon.,,,,
現在進んでいるルートで行き詰ったら、,"If you get stuck on the route you are currently on,",,,,
一つの方法にこだわらず視点を変えてみることも大事だろう,It is also important to change your perspective and not stick to one method.,,,,
\C[6]レベル成長とエーテル,\C[6] Level growth and ether,,,,
体力,physical strength,,,,
筋力,muscle strength,,,,
技術,technology,,,,
知性,intelligence,,,,
話術,storytelling,,,,
"\RB[経験値,エーテル]とは人の新たな知覚と可能性を開く生命の源だ","\RB[Experience points, ether] is the source of life that opens new perceptions and possibilities for people.",,,,
\C[6]街の寺院にある女神像に捧げることで能力の強化ができる,\C[6]You can strengthen your abilities by offering it to the goddess statue in the temple in town.,,,,
\i[12]アイコンはエーテル量を表している,\i[12]The icon represents the amount of ether,,,,
エーテルは魔物を倒したり、ダンジョン内で回収したり,Ether can be used to defeat monsters or collect in dungeons.,,,,
性行為でエクスタシーに達することで得ることができる,Can be obtained by achieving ecstasy through sexual activity,,,,
体力を強化することで主に最大HPが大きく上昇し、,"By strengthening your physical strength, your maximum HP will increase greatly,",,,,
気力（技ゲージ）の初期値アップする,Increases the initial value of energy (technique gauge),,,,
また疲労の蓄積が若干だが軽減されるようになるため,"Also, the accumulation of fatigue will be slightly reduced.",,,,
ダンジョン内での活動をメインに行う場合には役立つだろう,It will be useful if you mainly do activities in dungeons.,,,,
筋力を強化することで主に強力な重装備が装備可能になる,"By strengthening your muscle strength, you will be able to equip powerful heavy equipment.",,,,
筋肉と鋼の鎧を身にまとえば肉弾戦で無類の強さを誇るだろう,"Armed with muscle and steel armor, it will boast unrivaled strength in hand-to-hand combat.",,,,
また筋力で補正のかかる武器ならば,"Also, if it is a weapon that requires correction with muscle strength,",,,,
より高い威力で使いこなすこともできる,Can also be used with higher power,,,,
NPCインタラクトにおいては対人戦術値が非常に大きく上がるため,Because the interpersonal tactics value increases greatly when interacting with NPCs.,,,,
鍛え上げた肉体は交渉においても強力な切り札になるだろう,A well-trained body will be a powerful trump card in negotiations.,,,,
技術を強化することで宝箱や扉の鍵の開錠率を上げ、,"By strengthening technology, we can increase the unlock rate of treasure chests and doors,",,,,
トラップの回避率を高めることができる,Can increase trap evasion rate,,,,
通常は進むことが困難なルートを拓くことができ、,"You can explore routes that are normally difficult to follow,",,,,
往々にしてそういった未踏の場所には貴重な宝があるものだ,There are often valuable treasures in these unexplored places.,,,,
もしトレジャーハントを生業としたいなら鍛えるといいだろう,"If you want to make a living from treasure hunting, you should train.",,,,
技術は肉弾戦において無駄というわけではない,Technology is not wasted in hand-to-hand combat.,,,,
技術ステータスによる補正で威力が向上する武器も存在する,There are also weapons whose power can be improved by adjusting their technical status.,,,,
知性を強化することで最大MPが大きく向上し、,"Maximum MP increases greatly by strengthening intelligence,",,,,
魔術、祈りの威力が上昇する,Increases the power of magic and prayer,,,,
また魔術や祈りは高度なものになればなるほど,"Also, the more sophisticated magic and prayer become, the more",,,,
習得に高い知性を必要とするため高位の術者を目指すのであれば,If you aim to become a high-ranking spellcaster because it requires high intelligence to learn.,,,,
研さんを怠ってはならない,Don't neglect Ken-san,,,,
NPCインタラクトにおいては若干だが交渉能力に寄与する,Contributes slightly to negotiation ability when interacting with NPCs,,,,
やはり道理だけでは人は説き伏せられないということだろうか,Does this mean that people cannot be persuaded by reason alone?,,,,
話術を強化すると街の仕事でより多くの報酬を貰えるようになり,"By improving your speaking skills, you will be able to receive more rewards from work in town.",,,,
店の商品の価格が安くなる,The prices of products in the store are cheaper,,,,
財力をもって貴重な消耗品も使うことができるようになるので,"With your financial strength, you will be able to use valuable consumables.",,,,
異なる切り口からダンジョンの攻略を進めることができるだろう,You will be able to advance through dungeons from different perspectives.,,,,
NPCインタラクトにおいては交渉能力が大きく向上する,Negotiation skills are greatly improved when interacting with NPCs.,,,,
スマートな立ち回りができるだろう,You will be able to make smart moves,,,,

CE40:メニュー画面コマンド,CE40: Menu screen command,,,,
今は装備変更できない,I can't change equipment now.,,,,

CE41:復活[共通処理],CE41: Revival [Common Processing],,,,
ー探索の失敗ー,-Search failure-,,,,
探索の途中で力尽きると所持金から救助費を差し引かれ、,"If you run out of energy while searching, rescue costs will be deducted from your money.",,,,
死を体験をすることで\c[2]理性値\c[0]が大きく減少してしまう,Experiencing death greatly reduces \c[2]rational value\c[0],,,,
\c[2]理性\c[0]が失われると生者からかけ離れた存在となり、,"\c[2]When reason\c[0] is lost, one becomes a being far removed from the living,",,,,
回復薬の効き目が薄くなったり疲労しやすくなる,"The effectiveness of recovery medicines becomes less effective, and you become more easily fatigued.",,,,
失われた\c[2]理性\c[0]は食事、入浴、性交等の,"Lost \c[2]rationality\c[0] is lost in eating, bathing, sexual intercourse, etc.",,,,
生者としての健全な営みを行うことで少しずつ回復していく,You will gradually recover by engaging in healthy activities as a living person.,,,,

CE66:夜露の媚薬ニセ,CE66: Night Dew Aphrodisiac Fake,,,,
(んっ……）,(Hmm...),,,,
(体が……熱い…！）,(My body is...hot...!),,,,

CE67:[共通]罠の選定と発動,CE67: [Common] Trap selection and activation,,,,
やーい、まぬけ,"Hey, you idiot",,,,
ざんねんでした、ぷ～,"It was a mess, pu~",,,,
つまらないものですが,It's boring though,,,,
ヤリマン募集中！,Looking for sluts!,,,,
でかした！ほうびをやろう！,It was huge! Let's do a reward!,,,,
おたからはいただいた！,I received it from you!,,,,
ほげっ……！！！,Hoge...! ! !,,,,
ふごふごっ！（しまった！）,Fugo fugo! (It's gone!),,,,
ふごぅ…ふごごごーーー！（は、離しなさい！！）,"Fugou... fugogoooo! (Ha, let go!!)",,,,
うご…おえぇぇ……！（うっ、喉奥に……管がどんどん入って…）,"Ugo...oh...! (Ugh, the tube is going deeper and deeper into my throat...)",,,,
おげぇぇぇ…！！,Oh my...! !,,,,
（何か……ドロドロしたものが……どんどん流れ込んでくる！）,(Something... something mushy... keeps flowing in!),,,,
（く……くるし……）,(ku…kurushi…),,,,
（や、やっととまりました…）,"(Oh, it finally stopped...)",,,,

CE71:コイン当てlv1,CE71: Coin guess lv1,,,,
左のカップ,left cup,,,,
真ん中のカップ,middle cup,,,,
右のカップ,right cup,,,,
おっと残念！,"Oh, what a shame!",,,,
まぁこういうこともあるさ、気を持ち直して次次,"Well, sometimes things like this happen, so keep calm and move on.",,,,
すごいじゃないか！おめでとう！,Isn't it amazing! Congratulations!,,,,
君、博打の才能あるんじゃないかぁ？,"You have a talent for gambling, don't you?",,,,
うわぁ！すごい！これはおじさん、大赤字だよ,"Wow! amazing! This is a big deficit, uncle.",,,,
やるねぇ！さすが！さぁ次行こうか,Don't do it! As expected! Let's move on to the next one,,,,
大正解！すごいね！君！,Great answer! That's amazing! you!,,,,
まるでプロのギャンブラーだ！,Just like a professional gambler!,,,,
うわぁ！大当たりだ！これは僕に勝ち目はないかもしれないな…,Wow! It's a jackpot! I might not have a chance of winning this...,,,,

CE72:コイン当てlv2,CE72: Coin guess lv2,,,,
あららぁ～残念！俺の勝ちだな,"Oh my, what a shame! It's my win",,,,
素晴らしい！これを見切れるとは…,wonderful! I can't believe I can see through this...,,,,
100年に一人の逸材だよ！,He's a one-in-a-century talent!,,,,
ちょっと難しかったかな？,Was it a little difficult?,,,,
まぁ、こういうこともあるさ、気を落とさないで,"Well, sometimes things like this happen, don't lose heart.",,,,
これは驚いた！僕になんかもう勝ち目はないなぁ,This surprised me! There's no chance for me to win anymore,,,,
うわぁ！僕の負けだぁ！,Wow! It's my loss!,,,,
こりゃ今日も大負けだなぁ,It's a big loss today too.,,,,
すごいじゃないか！これを当ててしまうなんて,Isn't it amazing! I can't believe I guess this,,,,
僕に勝ち目はもうないな…,I don't have any chance of winning...,,,,

CE73:エロ秘策コイン当て,CE73: Erotic secret coin guess,,,,
(くっ…手がすべったか！）,(Damn...my hand slipped!),,,,
(ば、馬鹿な…こんな小娘相手に！）,(What an idiot...to deal with a little girl like this!),,,,
(な、何ぃ…揺さぶってきただと…！）,(What… I heard you were shaking me…!),,,,

CE76:鍵扉[共通処理],CE76: Key door [common processing],,,,
開錠を試みる [\i[93]成功率 \v[75]%],Attempt to unlock [\i[93]Success rate \v[75]%],,,,
こじ開ける 　[\i[14]疲労＋ \v[55]%],Pry open [\i[14]Fatigue + \v[55]%],,,,
en(v[106]>0)ピックツール [×\v[106]],en(v[106]>0) Pick tool [×\v[106]],,,,

CE83:野球拳コイン当て,CE83: Baseball fist coin guess,,,,
おやおや、残念だったねぇ,"Oh, that was a shame",,,,
\c[27]男は勝ち誇った笑みを浮かべた,\c[27]The man smiled triumphantly.,,,,
フフフ…こういうこともあるさぁ…次行こうか,Hehehe...things like this happen too...let's move on next time.,,,,
\c[27]男はねちっこい声でささやいた,\c[27]The man whispered in a coy voice,,,,
おっとぉ、これは私の勝ち、ということだね,"Oops, that means I win.",,,,
\c[27]男は一瞬、ほくそ笑んだ,\c[27]The man smiled for a moment.,,,,

CE84:投げ銭計算,CE84: Calculation of tipping coins,,,,
（くっ…！誰ですか！こんなもの投げ入れたの\I[16]）,(Damn...! Who are you! Who threw this thing in?\I[16]),,,,

CE95:【誘惑-男用】(セリフ処理),CE95: [Temptation-For Men] (Serif processing),,,,
アマリリスの花はいかがですか？,How about amaryllis flowers?,,,,
………”お花”は、いかがですか？,"...How about ""flowers""?",,,,
他の”お花”もありますよ？…フフ,Are there other “flowers” ​​as well? …hehe,,,,
今なら”特別なサービス”もお付けしますよ？,Now we can also provide you with a “special service”.,,,,
言っておきますが……ゴムはつけてくださいね？,"I'm telling you...please wear a rubber band, okay?",,,,

CE96:ステータス能力ランク付け査定,CE96: Status ability ranking assessment,,,,
\C[16]F　\C[23]E  \C[26]D  \C[31]C　\C[18]B　\C[2]A  \C[17]S,\C[16]F \C[23]E \C[26]D \C[31]C \C[18]B \C[2]A \C[17]S,,,,

CE99:【略奪】開始セリフ群,CE99: [Loot] Starting lines,,,,
手荒な真似はしたくない…大人しくしてて下さい,I don't want to imitate you harshly...please be quiet.,,,,
悪あがきはやめて……私に従いなさい,Stop struggling and follow me.,,,,
ここでは力が正義……降伏しなさい,Power is justice here... Surrender.,,,,

CE100:【贈答】開始セリフ群,CE100: [Gift] Starting lines,,,,
これ、余ってるからあげます,"I have some left over, so I'll give it to you.",,,,
はい、私からの気持ちです,"Yes, that's my feeling",,,,
どうぞ受け取ってください,Please take it.,,,,
これあげます、私には必要ないので,"I'll give you this, because I don't need it.",,,,
カバンがいっぱいなので受け取ってください,"My bag is full, so please take it.",,,,
これ、必要じゃないかなと思って,I think this is necessary,,,,

CE101:【交渉】開始セリフ群,CE101: [Negotiation] Starting lines,,,,
協力者を募っているのですが…,I'm looking for collaborators...,,,,
力を貸して頂けませんか,Could you please lend me your strength?,,,,
ギブアンドテイクといきましょう,Let's go with give and take,,,,

CE103:【贈答】共通処理,CE103: [Gift] Common processing,,,,
\C[6]ーチュートリアル・贈答ー,\C[6]-Tutorial/Gift-,,,,
何かを必要としている相手には、,"For someone who needs something,",,,,
贈答インタラクトが可能になり、,"Gift interactions are now possible,",,,,
お返しに何らかのアイテムを貰うことができる,You can receive some items in return.,,,,
欲してる物をプレゼントすることができれば、,"If I could give you what you want,",,,,
\c[6]貴重なアイテム\c[0]のお返しをしてくれる,\c[6]He will give you a valuable item\c[0] in return.,,,,
また、交渉インタラクト可能な相手の場合は,"Also, in the case of a partner with whom negotiation can be interacted with,",,,,
\C[1]信頼度\C[0]が上がり、\C[2]警戒心\C[0]を下げることが可能,\C[1]Trust\C[0] increases and \C[2]Vigilance\C[0] can be lowered.,,,,
相手の気に入ったモノであればより効果は高まる,It will be more effective if it is something that the other person likes.,,,,
さらに相手との\C[1]信頼度\C[0]によって,"Furthermore, depending on the \C[1] trust level \C[0] with the other party",,,,
物語の結末に変化が起こる場合がある,There may be changes in the ending of the story.,,,,

CE160:オットーの薬瓶,CE160: Otto's Vial,,,,
これは、オットーさんから,This is from Otto,,,,
エイミーという少女に渡すよう預かった,I kept it to give to a girl named Amy.,,,,
\C[6]姿消し薬\C[0]ですが……,\C[6]Disappearance drug\C[0]But...,,,,
封を締める,close the seal,,,,
飲み干す,drink up,,,,
うっ……！,Ugh...!,,,,

CE161:スライム小瓶系,CE161: Slime small bottle type,,,,
瓶の中にはぼんやり発光する青い粘液が入っている……,Inside the bottle is a blue mucus that glows vaguely...,,,,
肌に塗る,apply to skin,,,,
飲んでみる,try drinking,,,,
やめておく,stop it,,,,

CE227:メニュー設定,CE227: Menu settings,,,,
ロード,load,,,,
ヘルプ,help,,,,
オプション,option,,,,
タイトルへ戻る,Return to title,,,,

CE234:メニュー設定2,CE234: Menu settings 2,,,,
メモ,memo,,,,
仕事,work,,,,
作戦行動,Operational action,,,,
オールラウンド,all round,,,,
節約術,money saving techniques,,,,
電撃戦,blitzkrieg,,,,
警戒態勢,Alert state,,,,
フルオート,Full auto,,,,
作戦行動を\C[6]【オールラウンド】\C[0]に設定しました,Operational action set to \C[6][all-round]\C[0],,,,
作戦行動を\C[6]【節約術】\C[0]に設定しました,The strategy was set to \C[6][Savings]\C[0],,,,
作戦行動を\C[6]【電撃戦】\C[0]に設定しました,Operational action set to \C[6][Blitzkrieg]\C[0],,,,
作戦行動を\C[6]【警戒態勢】\C[0]に設定しました,Operational action set to \C[6][Alert]\C[0],,,,
作戦行動を\C[6]【フルオート】\C[0]に設定しました,Operational action set to \C[6][Full auto]\C[0],,,,

CE236:携帯食,CE236: Portable food,,,,
ウッ……ヴォエェェ…！！！,Ugh...voeeeeeeeeeeeeeeeeeeeeeeeeeeeeeeeeeeeeeeeeeeeeeeeeeeeeeeeeeeeeeeeeeeeeeeeeeeeeeeeeeeeeeeeeeeeeeeeeeeeeeeeeing! ! !,,,,

CE240:,CE240:,,,,
うっ…痛ったー……,Ugh... it hurt...,,,,
脚が急にもつれて……,My legs suddenly became tangled...,,,,
さっきの光は一体……？,What on earth was that light just now...?,,,,
あ……あれ……？,Ah... that...?,,,,
なんでしょう…？この右足の変色は…,what do you want…? This discoloration of my right foot...,,,,
土ホコリ…？泥？にしてはやけに色が濃いような……,Soil dust...? mud? It seems like the color is really dark...,,,,
いや……違う……これは……,No... no... this...,,,,
"あ…明らかに……\C[18]浸食""\C[0]してるッ……！""","Ah...obviously...\C[18]Erosion""\C[0]...!""",,,,
石化した皮膚がじわじわと！広がってきているっ！！！,The petrified skin is slowly becoming visible! It's spreading! ! !,,,,
脚の先っぽから……太ももの付け根まで……あっという間に！,From the tips of your legs...to the base of your thighs...in no time!,,,,
し…しかも皮膚だけじゃない……！,But...and it's not just the skin...!,,,,
筋肉まで……まるで石のように動かせなくなっていってる！,"Even my muscles are like stones, unable to move!",,,,
こ、これ……石化が心臓や脳にまで達したら……,This...if the petrification reaches the heart and brain...,,,,
ま、まさか……死……？,"Oh, no way...death...?",,,,
こ、こんなところで……やだ……,"Hey, in a place like this...no...",,,,
ま……まだ、はじまったばっかりなのにっ……！,Well...it's only just begun...!,,,,
ど、どうしよう……！そ、そうだ…！だ、誰か……,"What should I do...! That's right...! Oh, someone...",,,,
誰がいませんかぁーーー！助けてくださーい！,Who is missing? Please help me!,,,,
やだやだやだーーー！やだぁぁぁぁ！,"No, no, no! Oh no!",,,,
石像なんかになりたくない！！死にたくない―――！！！,I don't want to become a stone statue! ! I don't want to die---! ! !,,,,
あっ……がっ………舌が石に……動かなく……なって,Ah... gah... my tongue turned to stone... it didn't move...,,,,
い……きが……でき……な………,I...I can't...I...I can't...,,,,
……肺が……動かない………,...My lungs...don't move...,,,,
だ…………れか………,someone………,,,,
死…………に………………た………く,Death…..to…..,,,,
………………………………,…………………………………,,,,
…………………,………………………,,,,
微かに聞こえていた呼吸音すらなくなり,Even the faint sound of breathing disappeared.,,,,
あたりは静寂に包まれた…,There was silence all around...,,,,
\N[1]の石化は脳まで達し物言わぬ石像となった………,\N[1]'s petrification reached his brain and turned him into a silent statue...,,,,

CE255:石化トラップ実行,CE255: Execute petrification trap,,,,
うっ……！痛っ…！,Ugh...! It hurts...!,,,,
"あ…明らかに……\C[18]浸食""\C[0]してますよーー！！""","Ah...obviously...\C[18]Erosion""\C[0]!!""",,,,
やだ……！やだぁぁぁぁ！,Oh no...! Oh no!,,,,
"if(!s[240])体を揺する [\c[6]解呪10％\c[0], \c[2]亀裂75％\c[0], \c[18]崩壊25％\c[0]]","if(!s[240]) Shake the body [\c[6]Dispel 10%\c[0], \c[2]Crack 75%\c[0], \c[18]Collapse 25%\c[0]]",,,,
"if(!s[240])天に委ねる [\c[6]解呪??％\c[0], \c[27]？？\v[342]%\c[0], \c[18]崩壊\v[341]％\c[0]]","if(!s[240]) Leave it to the heavens [\c[6] Disenchantment??%\c[0], \c[27]? ? \v[342]%\c[0], \c[18]Collapse\v[341]%\c[0]]",,,,
"if(s[240])天に委ねる [\c[7]解呪0％\c[0], \c[27]？？\v[343]%\c[0], \c[18]風化\v[341]％\c[0]]","if(s[240]) Leave it to heaven [\c[7]Dispel 0%\c[0], \c[27]? ? \v[343]%\c[0], \c[18]Weathering\v[341]%\c[0]]",,,,
if(s[240])探索を諦める [\c[18]風化100％\c[0]],if(s[240]) Give up on search [\c[18] Weathering 100%\c[0]],,,,
カハッ……！助かっ……た……？,Kaha…! Did you save me...?,,,,
…………,…………,,,,

CE294:情報メモ,CE294: Information memo,,,,
ガラド城中庭にある休憩所には、秘密の通路が隠されている,A secret passage is hidden in the rest area in the courtyard of Galad Castle.,,,,
壁にある獅子頭の石像を調べてみろ,Examine the stone lion head statue on the wall.,,,,
ガラド城東書庫には石化の秘術を操る妖艶な魔女が潜んでいる,A bewitching witch who wields the secret art of petrification lurks in the Garad Joto Library.,,,,

CE321:奴隷権利書,CE321: Slave title deed,,,,
ヒッヒッヒ、おめでとうございます,"Hee hee, congratulations",,,,
貴方はこれで晴れて自由の身でございます,You are now happy and free.,,,,

CE336:レベルエーテル還元,CE336: Level ether reduction,,,,
LV\v[69]分の\i[12]\v[725]エーテルが還元された,LV\v[69] worth of \i[12]\v[725] ether was reduced.,,,,

CE340:アルとの同衾,CE340: Class with Al,,,,
……すぴー……,...Spy...,,,,
うーん……,Hmm...,,,,
うっ…寒……………ん……？,Ugh... cold... hmm...?,,,,
あ……,a……,,,,
はだけた寝巻をなおす,Fix the loose nightgown,,,,
\C[27]放っておく,\C[27] Leave it alone,,,,
いけない…つい一人の時の癖で脱いでしまう…,I can't...I end up taking my clothes off out of my habit when I'm alone...,,,,
こんなはしたない姿、見られたら幻滅されてしまいますね,"If someone saw me looking so lame, I would be disappointed.",,,,
（まぁ大丈夫でしょう……,"(Well, it's okay...",,,,
べ、別にやましいことは何もないですし…？）,"Well, there's nothing particularly wrong with that...? )",,,,
んっ…………………マシュマロ……,Hmm......Marshmallow...,,,,
こら、これはマシュマロじゃ…,"Hey, this is a marshmallow...",,,,
んっ…………………お肉……,Hmm……….meat…,,,,
こら、これは……お肉だけど……お肉じゃないですよ…,"Hey, this is... meat... but it's not meat...",,,,
んっ…………………おっぱい……,Hmmm......breasts...,,,,
こらこら、おっぱいなんて年じゃないでしょ…,"Come on, you're not old enough to have boobs...",,,,
\C[27]アルの唇が\v[474]の無防備な乳首に吸いついた,\C[27]Al's lips sucked on \v[474]'s defenseless nipple.,,,,
んっ…\I[15],Hmm…\I[15],,,,
\C[27]思わずアルを抱きしめる腕に力が入る…,\C[27]I can't help but feel stronger in my arms as I hug Al...,,,,
\C[27]性感帯への刺激は\v[474]の脳へ到達する前に、,"\C[27] Before the stimulation of the erogenous zones reaches the \v[474] brain,",,,,
脊髄反射で艶のある声を出させた,I was able to make a beautiful voice using my spinal reflexes.,,,,
（し、しまっ…！反射的に…変な声が…！）,(S-shit...! I heard a reflexive... strange voice...!),,,,
\C[27]寒気でビンビンに勃起した\v[474]のぷっくり乳頭が,\C[27]The plump nipples of \v[474] became erect due to the cold.,,,,
暖かく湿ったアルの口内にすっぽり包まれる,It is completely wrapped in Al's warm and moist mouth.,,,,
いったどういうつも……ひんっ…\I[15],No matter what... Hmm...\I[15],,,,
んむっ…………………マシュマロ……しゅきぃ,Hmmm......Marshmallow...Shukie,,,,
夢でも見ているんですか……アルっ…,Are you even dreaming...Aru...,,,,
あなたが吸いついてるのはマシュマロではなく……っ…,What you're sucking isn't a marshmallow...,,,,
私の…乳房……,My...breasts...,,,,
んむっ…………………お肉……しゅきぃ,Hmmm...... Meat... Shukyi,,,,
寝ぼけてるんですか……アルっ…,Are you half asleep... Al...,,,,
お肉は晩に食べたでしょ……,You ate meat in the evening...,,,,
あなたが吸いついてるのはお肉ではなく……っ…,What you're sucking isn't meat...,,,,
私の…乳房だからっ……,Because it's my breasts...,,,,
んむっ…………………おっぱい……しゅきぃ,Hmmm……….breasts…shukyi,,,,
こ、こら……アルっ…………いい加減に………,"Hey, hey... Al... That's sloppy...",,,,
はうっ………んっ\I[15],Haaaaaaaaaaaaaaaaaaaaaa\I[15],,,,
（熱くてやわらかいぬるぬるが乳首の上を這いまわって……）,"(The hot, soft slimy material crawls over my nipples...)",,,,
"（これは…まるで……恋人同士がやるアレ""じゃないですか………）""",(Isn't this...just like...something that lovers do?),,,,
\C[27]アルは\v[474]の乳首を入念に舌先で転がし,\C[27]Al carefully rolled \v[474]'s nipple with the tip of his tongue.,,,,
時折やさしく甘噛みする,Chew gently from time to time,,,,
\C[27]そのたびに\v[474]の体はピクンと跳ね、,"\C[27]Every time, \v[474]'s body twitched,",,,,
小さく甘い吐息が漏れ出す…,"A small, sweet sigh leaks out...",,,,
あっ……だ、ダメ……,Ah... no... no...,,,,
マシュマロ…噛んじゃダメです……,Marshmallow...don't chew it...,,,,
んっ………\I[15],Hmm...\I[15],,,,
ほ、本当に寝てるんですか……？,"Oh, are you really sleeping...?",,,,
こ、こんなエッチなお肉の食べ方、しないでしょ……？,"You wouldn't eat meat in such a naughty way, right?",,,,
\C[27]アルは\v[474]の乳首を入念に舌先で転がし、,"\C[27]Al carefully rolled \v[474]'s nipple with the tip of his tongue,",,,,
時折やさしく吸引する,Occasionally gently suck,,,,
んっ……そんなに吸いつかれても……,Hmm... Even if I'm so absorbed...,,,,
"\RB[母乳,おっぱい]は……出ませんっ……からっ…","\RB [Breast milk, breasts] won't come out...",,,,
あっ……はぁっあっ\I[15],Ah... haaaaaa\I[15],,,,
（よく考えたらこの子も男の子……）,"(If you think about it, this child is also a boy...)",,,,
（私、今……男とベッドの上で……裸で抱き合いながら,(I'm currently...on the bed with a man...while hugging each other naked.),,,,
乳首を舐められてるんですよね……）,She's licking my nipples...),,,,
（これっていわゆる………男女のまぐわい………なのでは…？）,(Isn't this what is called... a swarm between men and women?),,,,
"\C[27]一人なら股間に手を伸ばし\RB[陰核,クリトリス]を弄り倒している程の","\C[27]If she was alone, she would reach out to her crotch and play with her RB [clitoris, clitoris].",,,,
刺激を与えられてなお、\v[474]はその誘惑に耐えていた,"Despite being stimulated, \v[474] resisted the temptation.",,,,
（くっ……情けない……）,(Damn... pathetic...),,,,
（大人の余裕を見せつけたつもりが…）,"(I thought I was showing my adult leeway, but...)",,,,
（く、くやしいけど……スイッチを入れられてしまったみたいです…）,"(I'm sorry, but... it seems like a switch has been turned on...)",,,,
"（\RB[下腹部,アソコ]が…ジンジン熱い…","(\RB [Lower abdomen, vagina] is... hot...",,,,
"\RB[下着,ショーツ]にまでしみてるのがわかります…）","\RBYou can see that it has soaked into [underwear, shorts]...)",,,,
（このまま焦らされたら………もう……手が……）,(If you keep getting irritated like this...I'll have to...hands...),,,,
\C[27]がんばれ、\v[474]、耐えるんだ、\v[474],"\C[27]Do your best,\v[474], endure,\v[474]",,,,
\C[27]\N[1]はそう自分へ言い聞かせ、,"\C[27]\N[1] told himself that,",,,,
股間へと伸びそうになる手を抑えこむ,I hold back the hand that is about to reach my crotch.,,,,
\C[27]その思いを裏切るかのように\v[474]の陰核は,"\C[27]As if to betray that feeling,\v[474]'s clitoris",,,,
"下着の下で必死に\RB[勃起,アピール]している","Desperately \RB [erect, appeal] under underwear",,,,
こらえる [\C[27]性欲ゲージ\V[47]%\C[0]],Hold back [\C[27]Libido Gauge\V[47]%\C[0]],,,,
\C[27]手淫する,\C[27] Onanism,,,,
（冷静になりなさい…\N[1]…）,(Be calm...\N[1]...),,,,
（こんなものただの肉体的な刺激に過ぎません……）,(This is just physical stimulation...),,,,
（冷静に……冷静に……）,(Calmly... calmly...),,,,
\C[27]\v[474]のぷっくりと勃起した乳頭は,\C[27]\v[474]'s plumply erect nipples,,,,
アルの口内でチロチロと舌先で転がされる,The tip of his tongue rolls around in Al's mouth.,,,,
んむぅ………マシュマロ………おいしぃ…,Hmmm... Marshmallow... Delicious...,,,,
いい加減にしなさい…！これはマシュマロではないと…,Do whatever you want...! This is not a marshmallow...,,,,
んむぅ………お肉………おいしぃ…,Hmmm... Meat... Delicious...,,,,
アル、起きなさい…！これはお肉ではないと…,"Al, wake up...! This is not meat...",,,,
んむぅ………おっぱい………おいしぃ…,Hmmm...boobs...delicious...,,,,
アル、女性の乳房に吸いつくなんて破廉恥ですよ………！,"Al, sucking on a woman's breast is shameless...!",,,,
\v[474]……しゅき……,\v[474]...Shuki...,,,,
（ま、まずい…不意打ち）,"(Well, bad...surprise attack)",,,,
えっ…！？…あ\I[15],Eh...! ? …A\I[15],,,,
（今…性欲…マックスまで溜まってるから…！）,(Right now... my sexual desire... has built up to the max...!),,,,
\v[474]……しゅきしゅき……,\v[474]...Shukishuki...,,,,
あ”っ…はい\I[15],Ah”...yes\I[15],,,,
（あ、もうダメですね、これは）,"(Ah, this is no good now)",,,,
\v[474]………,\v[474]……,,,,
もっと言ってください,Please say more,,,,
\v[474]……\v[474]……,\v[474]……\v[474]……,,,,
もっともっと,more and more,,,,
\v[474]……だいすき……\I[15],\v[474]...I love you...\I[15],,,,
（あ、イク）,"(Ah, I'm cumming)",,,,
（イク、イっちゃう）,"(I'm cumming, I'm cumming)",,,,
"（あ、\RB[下着,ショーツ]、脱がないと、濡れ）","(Ah, \RB[underwear, shorts], if you don't take them off, you'll get wet)",,,,
ん”っ\I[15]ん”ん”ん”っ\I[15],Hm”\I[15]Hm”Hm”\I[15],,,,
"\C[27]\v[474]はとっさの判断でひざ下まで\RB[下着,ショーツ]を下し、","\C[27]\v[474] made a quick decision and pulled down his \RB[underwear, shorts] below his knees.",,,,
あらわになった割れ目からは勢いよく潮がピュッピュっと噴き出した,The tide gushed out from the exposed crack.,,,,
～～～～ッッッッッッ\I[15],～～～～,,,,
はひっ…\I[15]ひっ…\I[15],Hahi…\I[15]Hhi…\I[15],,,,
乳首を……舐められただけで達するなんて………,I can't believe I can reach it just by having my nipples...licked...,,,,
ああ……情けない………私は最低です……,Ah... so pathetic... I'm the worst...,,,,
はぁ……はぁ……はぁ……,Haa... haa... haa...,,,,
"（でも…\RB[手淫,て]は使ってないし…これは不可抗力…）","(But...I don't use \RB[onanism,te]...this is something beyond my control...)",,,,
"（\RB[合法,セーフ]ですよね…）","(\RB[legal, safe], right?)",,,,
だ、だめです,"No, no.",,,,
マシュ………マロ……どこぉ……,Mash...Maro...Where...,,,,
おしまい、マシュマロはおしまいです！,"That's it, marshmallow is done!",,,,
お肉……どこぉ……,Meat... where...,,,,
おしまい、お肉はおしまいです！,"That's it, the meat is finished!",,,,
おっぱい……どこぉ……,Breasts... where...,,,,
おしまい、おっぱいはおしまいです！,"That's it, that's it for boobs!",,,,
ふぇ…,Huh...,,,,
はぁ……はぁ……,Sigh...sigh...,,,,
ふぅ………,Phew...,,,,
理性の勝利です,It's a victory for reason,,,,
しかし危ないところでした,But it was dangerous,,,,
"\C[27]\RB[性欲,ムラムラ]溜まってなくて本当によかった…\C[0]","\C[27]\RB[Liberal desire, horny] I'm really glad I haven't built up...\C[0]",,,,
"（\RB[下着,ショーツ]がビショビショになると困るし………）","(\RB It would be a problem if my [underwear, shorts] were drenched...)",,,,
"（ちょっと確認だけ""…しておきましょう）""",(Let's just check...),,,,
（うんうん…なるほど…なるほど…）,"(Yeah, yeah...I see...I see...)",,,,
（ほうほう……）,(method……),,,,
（……）,(...),,,,
（………漏らしたのかな？）,(...Maybe I leaked it?),,,,
"\C[27]\v[474]の\RB[性器,おまんこ]は既に準備万端といった具合でほぐれ、","\C[27]\v[474]'s \RB[genitals, pussy] is already ready and loosened,",,,,
"\RB[下着,ショーツ]に大きなシミができるほどの愛液で溢れていた","\RB [Underwear, shorts] was overflowing with love juice that left a big stain.",,,,
（いやそりゃそうですよ、無理ですよ）,"(No, that's true, it's impossible)",,,,
（こっちだって性欲溜まってるんですよ）,(I have a lot of sexual desire here too),,,,
（ビンビンの乳首舐めまわされて,(I had my nipples licked all over the place),,,,
平常心でいれるわけないじゃないですか）,"There's no way you can stay calm, right?)",,,,
お、起きてないですよね…アル？,"Oh, you're not awake, are you... Al?",,,,
すーっ…………すーっ…………,Soooooooooooooooooooooooooooooooooooooooooooo!!!,,,,
本当に起きてないんですね？,"You're not really awake, are you?",,,,
\fs[20]\v[474]…一人で、すっごいエッチなことやっちゃおうかな～？,\fs[20]\v[474]...Should I do something really naughty by myself?,,,,
……,……,,,,
"（はぁ～ん\I[15] \RB[手淫,て]、止まりません\I[15]）","(Hah~\I[15] \RB[Onanism, Te], I can't stop\I[15])",,,,
\C[27]\v[474]の細く、しなやかな指は迷いなく,"\C[27]\v[474]'s slender, flexible fingers are unmistakable.",,,,
"パンツの中へと吸い込まれていき、\RB[陰核,クリトリス]を捻り潰した…","It was sucked into the pants and crushed the \RB [clitoris, clitoris]...",,,,
\C[27]次第にヌチヌチと水気を帯びた音が小刻みに響き渡ると、,"\C[27] Gradually, the sound of wet water echoed little by little,",,,,
\v[474]の甘く艶のある吐息が漏れ出した,\v[474]'s sweet and lustrous breath leaked out.,,,,
（仕方ないですよ…これは不可抗力…！）,(I can't help it...this is force majeure...!),,,,
（私だってムラムラする時ぐらいありますよ……！そりゃ！）,(There are times when I get horny too...! That's right!),,,,
（あっ…\I[15] でもすごっ\I[15]）,(Ah...\I[15] But it's amazing\I[15]),,,,
"（一人でむなしく\RB[自慰,オナ]るより","(Rather than masturbating, masturbating, alone)",,,,
隣に人がいるだけで全然効きますっ\I[15]）,Just having someone next to you helps a lot!\I[15]),,,,
\C[27]溜まりきった性欲、背徳感、バレるかバレないのスリル…,"\C[27] The pent-up sexual desire, the sense of immorality, the thrill of knowing whether or not someone will find out...",,,,
それら全てが溶けて混ぜ合わさり\v[474]の高揚感へと昇華する,"All of them melt and mix together, sublimating into a feeling of exhilaration.",,,,
ん”っ…\I[15] ん”っ…ん”っ…ん”っ…\I[15],Hmm…\I[15] Hmm…hmm…\I[15],,,,
（熱いの、こみあげてきた）,"(It's hot, it's boiling up)",,,,
（ご、ごめんなさいっ…もう止められないみたいです）,(I-I'm sorry...I can't seem to stop it now),,,,
（ごめんねっ、変態\v[474]、イっちゃいますね？）,"(Sorry, pervert\v[474], you're going to cum, aren't you?)",,,,
んむぅ………………しゅきぃ,Hmmm......Shukyi,,,,
なにが好きなの…？,What do you like...?,,,,
ん”っ……もっと\I[15],Hmm...more\I[15],,,,
（あ…やば……イク）,(Ah...oh no...I'm cumming),,,,
"（あ、やば、\RB[下着,ショーツ]、脱がないと、濡れ…）","(Ah, no, \RB [underwear, shorts], if you don't take them off, you'll get wet...)",,,,
（うぅ………私は………最低の卑しい人間です……）,"(Ugh...I'm...the worst, despicable human being...)",,,,
（まぁ手は出してないし……）,"(Well, I haven't touched it...)",,,,
（んっ……もうちょっとで……イケそうだけど…）,(Hmm...it looks like it's about to go...),,,,
やっぱりこんなのよくないですっ！,"After all, this is not good!",,,,
ん………むにゃ………,Hmm...Mnya...,,,,
（あ、しまった、つい心の声が…）,"(Oh no, I just heard a voice in my heart...)",,,,
あれ………？,Huh...?,,,,
\v[474]………？,\v[474]……?,,,,
どうしました？,What happened?,,,,
ん……あれ……？,Hmm...huh...?,,,,
気のせい……かな……？,Is it just my imagination...?,,,,
なんだか苦しそうな声が…聞こえた気がする…,I feel like I heard a voice that sounded like it was in pain...,,,,
寝ぼけているのでしょう……おやすみなさい……,You must be half asleep...good night...,,,,
ん………………,yeah………………,,,,
スヤァ………………,Suyaaa………………,,,,
（終わったかと思いました………）,(I thought it was over...),,,,
（今はあまり性欲が溜まっていなかったから理性で抑えきれましたね）,"(Right now, I didn't have much sexual desire, so I was able to suppress it rationally.)",,,,
（ムラムラしてる時なら過ちを犯すところでした）,(I would have made a mistake when I was horny),,,,

CE341:仲間離脱[共通処理],CE341: Leaving friends [common process],,,,
う～ん…残念…今回は空振りだったね,Hmm...too bad...this time I missed it.,,,,
続きはまた明日にしようか、それじゃあ！,"Let's continue tomorrow, then!",,,,
はい、また後日,"Yes, see you later",,,,
ワウッ！！ワウッ！！,Wow! ! Wow! !,,,,
またね、アッシュ,"See you, Ash",,,,
終わりか？じゃあな,Is it over? See you then,,,,
お疲れさまでした,Thank you for your hard work,,,,
今日はこの辺にしとくか！,I'll leave it here for today!,,,,
ええ、お疲れさまでした,"Yes, thank you for your hard work.",,,,
探索お疲れさまでした,Thank you for your exploration,,,,
高評価よろしくお願いいたします,Thank you for your high evaluation.,,,,
なんじゃ、もう終いか,"So, is it already over?",,,,
ふんっ、つまらぬ,"Hmm, boring",,,,

CE342:カジノ仕事,CE342:Casino work,,,,
\V[439],\V[439],,,,
ティーを注ぐ,pour tea,,,,
エールを注ぐ,pour ale,,,,
カジノコインを渡す,give casino coins,,,,
宴会芸を披露する,show off banquet tricks,,,,
勝負は時の運…,The battle is the luck of time...,,,,
ティーで一服いたしましょう,Let's have a drink with tea,,,,
少しお休みになってはいかがですか,Why don't you take a little break?,,,,
ティーをどうぞ…,Have some tea...,,,,
特製ブレンドのティーでございます…,This is a special blend of tea...,,,,
ごゆっくりとどうぞ…,Please take your time...,,,,
少々熱が入りすぎているようですね,It seems like it's getting a little too hot,,,,
ティーで落ち着きましょう,Let's settle down with tea,,,,
さぁティーでもお飲みください,"Come on, let's have some tea.",,,,
前を失礼いたします,I apologize in advance,,,,
ティーをどうぞ,Have some tea,,,,
土壇場では気迫が勝利を呼び込むのです,"In the last minute, grit leads to victory.",,,,
エールで勢いをつかみましょう,Let's grab momentum with ale,,,,
今こそ勝ち運をつかむときです,Now is the time to grab your luck,,,,
エールをどうぞ,Please give me a shout,,,,
ここで引いてはギャンブラーの名が廃りますわ,"If I stop here, my name as a gambler will be ruined.",,,,
景気づけのエールをどうぞ,Please give me some encouragement to boost the economy.,,,,
さぁ今が正念場です,Now is the critical moment.,,,,
エールで気合を入れましょう,Let's cheer up with ale,,,,
勝利の女神の祝福、エールをどうぞ,Please give me the blessing of the goddess of victory.,,,,
今が勝負の時です,Now is the time to compete,,,,
さぁエールを…,"Now, ale...",,,,
どうぞ、カジノコインです,"Please, it's a casino coin.",,,,
お楽しみください,enjoy,,,,
お客様、勝負はまだまだこれからですわ,"Customers, the battle is still here.",,,,
カジノコインをどうぞ,Casino coins please,,,,
次こそは勝ちましょう,Let's win next time,,,,
さぁカジノコインを……,"Now, casino coins...",,,,
貴方に勝利の女神の祝福が訪れますように…,May the blessings of the goddess of victory come to you...,,,,
まだまだこれからですよね？,"It's still a long way off, isn't it?",,,,
カジノコインです、勝負ですよ,"It's a casino coin, it's a game.",,,,
まさかまだお帰りにならないですよね？,"I can't believe you haven't come home yet, right?",,,,
お客様、カジノコインを受け取ってくださいませ,"Customer, please receive the casino coins.",,,,
（やりますか……”アレ”…）,(Would you like to do it?… “That”…),,,,
バニーY字開脚,Bunny Y-shaped legs,,,,
if(v[624]>=2)バニーポールダンス,if(v[624]>=2) bunny pole dance,,,,
if(v[624]>=3)バニー早着替え,if(v[624]>=3) Bunny change clothes quickly,,,,
こんな感じでいかがでしょうか？,How about something like this?,,,,
今が踏ん張りどころでございます、お客様,"Now is the time to take the plunge, customers.",,,,
前を失礼…,Sorry for the inconvenience...,,,,
頑張れ、頑張れ、お・客・様！,"Good luck, good luck, customers!",,,,
フレー！フレー！お・客・様！,Hurray! Hurray! customer!,,,,
ファイト！ファイト！お・客・様！,Fight! Fight! customer!,,,,
私からのエールでございます,This is a shout from me.,,,,
魅了して差し上げます\I[15],I will charm you\I[15],,,,
もっと近づいていただいてもかまいませんよ？,Do you mind if I come closer?,,,,
お帰りにはまだ早いですよ、お客様,"It's still early to go home, dear.",,,,
バニーの本領をお見せしましょう,Let's show you what a bunny really is,,,,
ステージショーのお時間です、お客様,"It's time for the stage show, customers.",,,,
ダンスステージの開幕です,The dance stage is opening,,,,
さぁ、マジックショーのお時間です\I[15],"Now, it's time for the magic show\I[15]",,,,
皆様ご歓談中失礼します、ご注目くださいませ,"We apologize for the inconvenience, everyone. Thank you for your attention.",,,,
世にも不思議な奇術をお披露目いたしましょう,Let's show off some of the most mysterious tricks in the world.,,,,
では、ショータイムでございます,Now it's show time.,,,,
皆様、ご注目下さいませ\I[15],"Everyone, please pay attention\I[15]",,,,
摩訶不思議なバニーマジックをお披露目いたします,We will show you the mysterious bunny magic,,,,
（ま、どうせ顔は見えないし…）,"(Well, I can't see your face anyway...)",,,,
リバース・バニーY字開脚,Reverse bunny Y-shaped legs,,,,
if(v[624]>=2)リバース・バニーポールダンス,if(v[624]>=2) Reverse Bunny Pole Dance,,,,
if(v[624]>=3)リバース・バニー早着替え,if(v[624]>=3) Reverse Bunny Quick Change,,,,

CE343:美貌補正＋報酬金,CE343: Beauty correction + reward money,,,,
少しづつ仕事も慣れてきました,I'm getting used to the job little by little.,,,,
！！！,! ! !,,,,
新しい宴会芸を思いつきました……！,I came up with a new banquet trick...!,,,,
早速試してみましょう,Let's try it now,,,,
仕事のコツを掴んだ気がします,I feel like I've gotten the hang of the job.,,,,
この仕事はもう極めた気がします,I feel like I've mastered this job.,,,,

CE346:セクシーショット,CE346:Sexy shot,,,,
"乳首や\RB[性器,おまんこ]こそギリギリ写っていないものの","Although the nipples and \RB [genital organs, pussy] are barely visible,",,,,
人には見せられない際どい\N[1]写真だ,It's a risque\N[1] photo that I can't show to anyone.,,,,

CE348:仲間セリフと離脱処理,CE348: Friend lines and withdrawal processing,,,,
はぁ…はぁ……も、もう限界！,"Sigh... Sigh... Well, I've reached my limit!",,,,
ごめん、僕は先に帰還するよ……！また出直そう…！,"Sorry, I'll go back first...! Let's start again...!",,,,
弾が尽きたか、ここらでお開きだ,"I've run out of bullets, it's about to close.",,,,
良いコンビネーションだった、じゃあな,"It was a good combination, see you then.",,,,
ヘッ…ヘッ…ヘッ…,Heh... heh... heh...,,,,
少し疲れが見えてきましたね,You're starting to look a little tired.,,,,
体力のあるうちにお前はもう戻りなさい,You should go back while you still have the strength.,,,,
ワウッ！,Wow!,,,,
どうやら結構な老犬のようですね……,Looks like he's a pretty old dog...,,,,
無茶はいけません、そろそろ戻りなさい,"Don't be reckless, it's time to go back.",,,,
ありがとう、もう戻って大丈夫ですよ,"Thank you, it's okay to go back now.",,,,
私は平気ですから,I'm fine,,,,
ふぅ……私も疲れてきました,Phew...I'm getting tired too.,,,,
そろそろ終わりにしましょうか,Shall we end it now?,,,,
そろそろ切り上げましょうか,Shall we wrap up now?,,,,
お疲れさま、アッシュ,"Thank you for your hard work, Ash",,,,
いつもありがとう……,thank you as always……,,,,
貴方がいてくれたおかげで、,"Thanks to you,",,,,
最初は怖かったダンジョンも随分と慣れてきました,"I've gotten used to the dungeon, which was scary at first.",,,,
今日は終わりにしましょうか、アッシュ,"Shall we call it a day for today, Ash?",,,,
クゥ～～ン……,Coooooo...,,,,
狼犬は\n[1]を見つめ,The wolf dog stares at\n[1],,,,
名残惜しそうに体をこすりつけた,I rubbed my body as if I was reluctant to leave anything behind.,,,,
突然、どうしたのですか？,What happened all of a sudden?,,,,
こんなところで甘えたりして……,I'm spoiled in a place like this...,,,,
……………ワウッ！,……………Wow!,,,,
狼犬は振り返らずに,The wolf dog doesn't look back,,,,
ダンジョンの暗い闇の中へと駆けていった,I ran into the darkness of the dungeon.,,,,
あ……行ってしまった……,Ah... I'm gone...,,,,
まるで、私を心配して見守っていたような……,It was like he was watching over me with concern...,,,,
不思議な犬でしたね……,That was a strange dog...,,,,
わりぃ！\N[1]！物資が切れちまった！,Warii! \N[1]! We're out of supplies!,,,,
先に撤退させてもらうぜ！続きはまた今度な！,Let's retreat first! More next time!,,,,
そろそろお時間です、お疲れ様でした,"It's almost time, thank you for your hard work.",,,,
ムッ……退勤の時間だ,Hmm...it's time to leave work.,,,,
また会おう、いくさばでな,"See you again, Ikusabadena",,,,

CE350:汎用露出セリフ,CE350: General purpose exposure serif,,,,
（こ……これではただの露出狂なのでは…？）,(This...isn't this just an exhibitionist...?),,,,
（う………視線が……突き刺さる………）,(Ugh...his gaze...pierces...),,,,
（は、早く服を着ないと………）,"(Ha, I need to get dressed soon...)",,,,
（こ…これではまるで変態です…！）,(This... it's like a pervert...!),,,,
（さ、蔑むようなまなざしが…）,(A look of disdain...),,,,
（ハァ…ハァ……布…なんでもいいから…隠すものを……）,(Haa...ha...cloth...anything is fine...something to hide...),,,,
（手だけではやはり乳輪まで隠しきれませんよっ……！）,(You can't completely hide the areola with just your hands...!),,,,
（あっ……しまっ…！乳輪がハミ出て……！）,(Ah...it's gone! My areola is sticking out...!),,,,
"（\RB[おまんこ,した]は……見られてませんよね…？）","(\RB[Pussy, did]... you haven't seen it, right...?)",,,,
（やだ………笑われてる……）,(No...they're laughing at me...),,,,
"（あっ………この人……おちんちん\RB[勃,た]ってますね……）",(Ah... this person... has a penis...),,,,
"（あっ………この人……\RB[勃,た]ってますね……）","(Ah...this person...\RB[erect,ta]...)",,,,
あ……あの……これには深いわけが……,Ah...um...there's a deep reason behind this...,,,,
お、お目汚し失礼致します……,"Oh, I apologize for messing up your eyes...",,,,
あ、あまり…見ないでください……,"Oh, please don't look too much...",,,,
こ、困ります………,I-I'm in trouble...,,,,
こ、これは…不可抗力なんです………,This... this is a force majeure...,,,,
装備の破壊はダンジョン探索につきもので……,Destruction of equipment is a part of dungeon exploration...,,,,
あ、ちょっと！通報は困ります！！,"Oh, wait! Reporting is difficult! !",,,,
あ…えっと…あの……み、見ないでください！,Oh...um...uh...m-please don't look at it!,,,,
に、乳輪が見えた程度、どうということはありません！,"As long as you can see the areola, it doesn't matter!",,,,
手で隠しているので、へ、平気です………！,"I'm hiding it with my hands, so it's okay...!",,,,

CE355:巡回衛兵,CE355: Patrolling Guard,,,,
ー街を巡回する衛兵ー,-Guards patrolling the city-,,,,
夜の街には汚職兵士が巡回しており,Corrupt soldiers patrol the streets at night.,,,,
取り締りという名分でたかり行為を行っている,They are committing acts of arrogance in the name of crackdown.,,,,
\C[6]名声を高めることで尋問の突破確率を高めることができ、,"\C[6] By increasing your reputation, you can increase the probability of passing the interrogation.",,,,
兵士の位が高くなるにつれ必要な名声や賄賂は高くなる\C[0],"The higher the rank of the soldier, the higher the prestige and bribes required\C[0]",,,,
突破確率が100%を超える程名声が高まれば,If your fame increases enough that the breakthrough probability exceeds 100%,,,,
衛兵に追跡されず、素通りすることができるようになる,You will be able to pass through without being tracked by guards.,,,,
おい！貴様ッ！主人はどこだ！,Hey! You! Where is my husband?,,,,
奴隷の単独行動は許可されていないぞっ！,Slaves are not allowed to act alone!,,,,
し、しまった…！,"Oh, it's gone...!",,,,
むっ……この尻……どこかで見た気が……,Hmm...this butt...I feel like I've seen it somewhere...,,,,
？？？,? ? ?,,,,
私になにか御用でしょうか,Is there anything you need for me?,,,,
こ、こいつは………！\V[616]！,"Hey, this guy is...! \V[616]!",,,,
\V[616]\N[1]だ！！！指名手配犯だ！,\V[616]\N[1]! ! ! He's a wanted criminal!,,,,
\V[616]を見つけたぞ！！！,I found \V[616]! ! !,,,,
直ちに応援を求む！！！,Requesting immediate support! ! !,,,,
非常事態発生！非常事態発生！,An emergency has occurred! An emergency has occurred!,,,,
全裸の変質者を発見ッ！！,I found a naked pervert! !,,,,
容疑者は女、年齢１０代後半から２０代前半,"The suspect is a female, in her late teens to early 20s.",,,,
金髪、デカパイの変態だ！,"A blonde, big-boobed pervert!",,,,
むっ……手形の期限は……よし、通れ…,"Hmm... the deadline for the note is... okay, I'll pass...",,,,
ちっ…！ギルドのもんかよ……さっさと行け,Tsk...! It's from the guild... Go quickly.,,,,
ふんっ、あまりでかい面をするなよ,"Hmm, don't make a big face.",,,,
さっさといけ,Go quickly,,,,
おいおい、随分若いのにギルドの認証持ちか？,"Hey, you're quite young, but do you have a guild certificate?",,,,
ふんっ、面白くねぇな…,"Hmm, that's not interesting...",,,,
\v[439],\v[439],,,,
en(!s[554])\i[95]名声を示す [成功率:\v[620]%],en(!s[554])\i[95]Show fame [Success rate:\v[620]%],,,,
\i[124]賄賂を渡す \C[6][－\v[48]G],\i[124]Give a bribe \C[6][－\v[48]G],,,,
\i[287]隙を作って逃げる,\i[287] Create an opening and run away,,,,
if(s[7])\i[127]\C[18]反抗する,if(s[7])\i[127]\C[18] to rebel,,,,
そのような不遜な態度…許されませんよ,Such a disrespectful attitude...it will not be tolerated.,,,,
あなた、所属は？この件は上に話しておきましょう,Who do you belong to? Let's talk about this above,,,,
あなた、新兵のようですね,You look like a new recruit.,,,,
私の顔を知らないとは,You don't know my face,,,,
やれやれ…では共に審問官の元へ参りましょうか,Well then... let's go to the Inquisitor together.,,,,
私の身分がはっきりするはずです,My identity should be clear,,,,
ちっ…それなりに名が通っているようだな,Tsk...it seems like it's quite well known.,,,,
今日は特別に見逃してやる,I'll miss today specially.,,,,
おっと、名のあるお方だったとは…,"Whoa, I thought he was a famous person...",,,,
こいつぁ失礼しました、へへへ,"Sorry about this, hehehe",,,,
いやいや、失礼、人違いだったようだ,"No, excuse me, I think it was the wrong person.",,,,
もういっていいぞ,You can go now.,,,,
ダメだ！例外は認められんッ！,No! No exceptions allowed!,,,,
ハッ！テメェのような雑魚がすごんでも怖かねぇんだよ,Ha! I wouldn't be scared if a small fry like Teme were to die.,,,,
ワッハッハ！笑わせやがる！ブラフのつもりか？,Wahaha! Makes me laugh! Are you trying to bluff?,,,,
へへっ、こんな乳のでかい娼婦、知らないねぇ,"Hehe, I don't know a prostitute with such big breasts.",,,,
へへへ、なかなかいい度胸じゃねぇか,"Hehehe, that's quite a bit of courage, isn't it?",,,,
後でじっくり尻の穴まで見せてもらうからな\I[15],I'll have you take a closer look at my butthole later.\I[15],,,,
すみません……通していただけませんか？,Excuse me... could you please let me through?,,,,
これで……,Now...,,,,
さぁ～～～て……職務に戻るとしよう,Well... let's get back to work.,,,,
ふむ、俺は何も見ていないぞ,"Hmm, I didn't see anything.",,,,
おっと、急用を思い出した,"Oops, I remembered something urgent.",,,,
さて、少し後ろを向いておくか,"Now, let's turn back a little.",,,,
おい！どこへ行く！未だ話は終わったないぞ！,Hey! Where are you going? The story isn't over yet!,,,,
逃げたぞッ！追えッ！,I ran away! Chase it!,,,,
待て！！逃げるなっ！止まれッ！,Wait! ! Don't run away! Stop!,,,,
おい！貴様！待て！,Hey! you! Wait!,,,,
\c[27]衛兵は人目もはばからず\n[1]\c[27]の乳房を揉みしだいてきた,\c[27]The guard started fondling\n[1]\c[27]'s breasts without hesitation.,,,,
こ、こんなことをして許されるとでも……！,I-I thought I would be forgiven for doing something like this...!,,,,
おっと、そう怖い顔すんなよ、これも”治安維持の職務”なんでなァ,"Oh, don't look so scary, this is also your ""duty to maintain public order"".",,,,
"なんだぁ？この凶悪な\RB[巨乳,ブツ]は……","What is it? This brutal \RB [big breasts, butts]...",,,,
………っ！,......!,,,,
へへへ…これは”わいせつ物”だな,"Hehehe...this is ""obscene material""",,,,
所でじっくり調べさせてもらう,I'll take a closer look at the place.,,,,
や、やめっ……変態！,Stop it... you pervert!,,,,
何をしているのですか！離しなさい！,What are you doing! Let go!,,,,
凶器を隠し持ってないかしっかりあらためさせてもらう,I'll double check to make sure you don't have a hidden weapon.,,,,
なっ…………なにを……！,What...what...!,,,,
なんだ、やましいことでもあるのか？,"What, is there something wrong with that?",,,,
………いえ,………home,,,,
これだけじゃわからんなぁ,I just don't understand this,,,,
所まで来てもらおうか,Would you like me to come to your place?,,,,
ちょ…！痴れ者っ！どこを触ってるんですか！,Hey...! You idiot! Where are you touching?,,,,
怪しい奴はこうやって……チェックしておかねぇとな,Suspicious people should be checked like this...,,,,
いやなら牢にぶちこんでもいいんだぜ,"If you don't like it, you can throw me in jail.",,,,
イナカモンの処女のくせに,Even though Inakamon is a virgin,,,,
"一丁前に凶悪な\RB[巨乳,ブツ]ぶら下げやがって","There's a vicious \RB [big breasts, butts] hanging in front of me.",,,,
"\RB[巨乳,コレ]の使いみち、牢のベッドで教えてやろうか、へへへ","\RB I'll show you how to use [big breasts, this] on my bed in prison, hehehe",,,,
っっ……恥を知りなさい,Hey... you should be ashamed.,,,,
生意気なメス犬にはしつけが必要みたいだなぁ,Looks like the cheeky female dog needs some training.,,,,
所までついてこい、徹底的に立場ってものをわからせてやる,Follow me to where you are and make me thoroughly understand your position.,,,,
（んっ………下衆め……）,(Hmm...you lowlife...),,,,
さて、まずは身体検査といこうか,"Well, let's do a physical exam first.",,,,
あ……！やめ…！,a……! Stop...!,,,,
うわ…でっか…,Wow...huge...,,,,
栄養全部乳と尻にいってるんじゃねぇのか？これ,Aren't all the nutrients going to the breasts and butt? this,,,,
へへへ…おいおい,Hehehe...hey hey,,,,
お前こんなサイズじゃろくなブラねーだろ,You don't wear a bra that's this size.,,,,
変態！離しなさい！,transformation! Let go!,,,,
あ、”公務”を”妨害”したな？所までついてこい,"Oh, you “obstructed” “official duties”? Follow me to the place",,,,

CE356:スライム排泄実行,CE356: Slime excretion execution,,,,
ひっ……ひっ…ふーーーっ…！,Hic… hic… Fuuuuuuuu…!,,,,
ああ……神様……,oh my god……,,,,
な、なぜ私に……こんな試練を……,W-why did you put me through this ordeal...,,,,
来る……大きなウェーブが……！,Here comes...a big wave...!,,,,
このスライムは……必ずおトイレに流し殺してやります……,This slime... I'll definitely flush it down the toilet and kill it...,,,,
必ずぅぅぅ…………,Definitely...,,,,
フゥー…フゥー…深呼吸…深呼吸…,Whoo… whoa… deep breath… deep breath…,,,,
お尻に…意識を集中して……,Concentrate on your butt...,,,,
（あ……やば…これ、ダメかも…）,(Ah...oh no...this might not work...),,,,
（これ、ほんとにヤバいです）,(This is really bad),,,,
（あっ、あっ、これダメかも、ダメかも）,"(Ah, ah, this may or may not work)",,,,
あ、負け,"Ah, I lose",,,,
\C[6]「ませんっ！！！」,\C[6] “No!!!”,,,,
\C[18]「排泄りゅ！！！」,\C[18] “Excretion!!!”,,,,
\fs[35]ませんっっ！！！,\fs[35]No! ! !,,,,
"はひぃーーー\I[16]はひぃ""ーーー\I[16]""","Hahii\I[16]hahi""---\I[16]""",,,,
よし…！勝った！,Okay...! I won!,,,,
ギリギリなんとかしのぎま,Barely managing to survive,,,,
"\fs[35]スライム\RB[排泄,で]りゅっ！！！","\fs[35]Slime\RB[excretion,de]Ryu! ! !",,,,
\fs[35]にゅっ！？\I[16],\fs[35] New! ? \I[16],,,,
\fs[35]ちょ……とまんにゃい！！！\I[16],\fs[35]Hey...mannyai! ! ! \I[16],,,,
"ス……スライムゥゥー！\I[16]\RB[排泄,で]りゅうぅ……！","S...slime! \I[16]\RB[Excretion, de] Ryuuuu...!",,,,
ブリブリブリィ…\I[15]ミチチィ……\I[15],Buriburi...\I[15] Michichi...\I[15],,,,
んっ……くおっ………\I[15],Hmm... ugh......\I[15],,,,
あっ……止まんな…,Ah... I can't stop...,,,,
ふぐっ……うっ………\I[15],Fugu... Ugh...\I[15],,,,
"（\RB[排泄,で]ちゃった………）","(\RB [excretion,] I did it...)",,,,
（もう…いっか……）,(Already...already...),,,,
（どうでも……）,(I don't care...),,,,
ブリィ…\I[15]ブリリィ……\I[15],Brilly…\I[15] Brilly…\I[15],,,,
んっほぉ……………\I[15],Hmm……………\I[15],,,,
んっ……\I[15] また、ウェーブが……\I[15],"Hmm...\I[15] Also, the wave...\I[15]",,,,
"おほぉ……\I[15] ま、まだ……\RB[排泄,で]りゅ……\I[15]","Oho...\I[15] Well, not yet...\RB[excretion, de]ryu...\I[15]",,,,
くぅ……くふっ……\I[15],Kufu…kufu…\I[15],,,,
（もう…我慢しなくていい……ですよね……）,(You don't have to hold back anymore... right...),,,,
"（全部\RB[排泄,だ]しても……\I[15]）","(Even if all \RB[excretion, da]...\I[15])",,,,
んっ……くふっ\I[15] んっ…またウェーブ来た…\I[15],Hmm...kufu\I[15] Hmm...the wave came again...\I[15],,,,
"そんなに外に\RB[排泄,で]たいならっ…お望み通り……","If you want to \RB[excrete, in] outside that much...as you wish...",,,,
ブッ\I[15]ブリッブリッブリッ！\I[15]ぷすぅ～～……\I[15],\I[15] Buri Buri Buri! \I[15]Pusu~~...\I[15],,,,
"はぁ……はぁ……\RB[排泄,だ]してあげますよっ\I[16]","Haa... haa...\RB[Excretion, da] I'll do it for you\I[16]",,,,
んっ……くっふぅ………\I[15],Hmm...kuff......\I[15],,,,
（ヤ……ヤバぁい……気が狂うほど気持ちいいです……\I[15]）,(Ya... it's crazy... it feels so good that I'm going crazy...\I[15]),,,,
ハァー……ハァー……,Huh… hah…,,,,
"や……やっと…全部\RB[排泄,で]ました…か","Ya... finally... everything was \RB[excreted,]...?",,,,
ス、スライムめ……,S-slime...,,,,
コ……コホン……,Ko…Kohon…,,,,
ま、まぁ……今回は”引き分け”、というところでしょうか,"Well, well...I guess it's a ""draw"" this time.",,,,
ダンジョン内だったのは不幸中の幸いだったと言えましょう,I can say that being inside the dungeon was a blessing in disguise.,,,,
危うく尊厳を失うところでした,I almost lost my dignity.,,,,

CE358:ふたなりオナホ治癒,CE358: Futanari masturbation healing,,,,
\N[1]の股には腕のように太く、,"\N[1]'s crotch is as thick as an arm,",,,,
血管の浮き出た凶悪なペニスが堂々と鎮座している,A vicious penis with protruding veins sits proudly.,,,,
な、なんてふてぶてしい…,"Wow, that's so pretentious...",,,,
”コレ”を何とかしないと街にも戻れません,I can't go back to town unless I do something about this.,,,,
インキュバスの呪いは性欲を解消すると解けるという話ですが…,It is said that the curse of the incubus can be broken by eliminating sexual desire...,,,,
ここにおあつらえの玩具があります,Here's your custom toy,,,,
これを使えば呪いが解けるはず…説明書にもそう書いてました,"If you use this, you should be able to break the curse... it says so in the manual as well.",,,,
それにしてもなんなんですか……この卑猥な形状は,"Anyway, what is this obscene shape?",,,,
入り口とか……完全に女性器じゃないですか…,The entrance...isn't it completely female genitalia...,,,,
まったく、ふざけていますね,You're totally joking.,,,,
こんなもので自慰に耽るなど……度し難いです,It's hard to masturbate with something like this...,,,,
う…うわぁ……,Uh... wow...,,,,
どうしよ……,What should I do...,,,,
な…なんか…元気になってる……,I...I feel like I'm feeling better...,,,,
\N[1]のチンポは性器を模した玩具の入り口にあてがうと,\N[1]'s cock is placed at the entrance of the genital toy.,,,,
期待感でムクムクと大きくなり硬くなりだした,It started to get bigger and harder with anticipation.,,,,
生で挿入する,insert raw,,,,
コンドームを着ける,put on a condom,,,,
さっさと終わらせる,Finish it quickly,,,,
か、考えても仕方ありません,There's no point in thinking about it.,,,,
とにかくこの穴に挿れればよいとのこと……,"Anyway, it should be inserted into this hole...",,,,
さっさと終わらせてしまいましょう,Let's finish it quickly,,,,
\fs[35]んほぉっ\I[15],\fs[35]Hoo\I[15],,,,
んっ…しまった…つい下品な声を出してしまいました,Hmm... I'm sorry... I just made a vulgar sound.,,,,
\N[1]の童貞ペニスのピンク亀頭は,The pink glans of \N[1]'s virgin penis is,,,,
あっという間にオナホに丸のみにされてしまった,"In the blink of an eye, I was swallowed whole by the masturbator.",,,,
これっ……刺激が強すぎます…,This... it's too stimulating...,,,,
まだ先っぽに挿入れただけなのに…！,Even though it was only inserted at the tip...!,,,,
さきっちょ部分が……すっごくデリケートで…っ！,That part... it's so delicate...!,,,,
こ……こんなにっ…敏感なんですかッ…！？,You...you're so...sensitive...! ?,,,,
"\RB[男性器,ペニス]の先っちょって…！","\RBThe tip of [male organ, penis]...!",,,,
くっ………ふぅ……\I[15],Ugh...fuu...\I[15],,,,
敏感な先っちょが……キツキツの穴に丸のみされて……！,The sensitive tip... is swallowed whole by the tight hole...!,,,,
なんて卑しい玩具でしょうか……！,What a despicable toy...!,,,,
おっ\I[15]おっ\I[15],Whoa\I[15] Whoa\I[15],,,,
ぐっ\I[15]あっ\I[15] 勝手に声が……\I[15],Ahh\I[15]Ah\I[15] A voice suddenly came out...\I[15],,,,
先っちょが擦れると……脳までジンジンと快感が来ますっ！,When the tip rubs... it sends a tingling pleasure all the way to the brain!,,,,
ずるい……男の人はこんな棒がついてるなんて……,It's so cunning...men have sticks like this...,,,,
しまった……遊んでいる場合ではありません,Sorry... this is no time to play around.,,,,
さっさと終わらせねば,I need to finish it quickly,,,,
ね、根本まで……,"Well, down to the root...",,,,
\fs[35]んほぉっ………\I[15],\fs[35]Hoo......\I[15],,,,
包皮が……！めくれて……！,The foreskin...! Turned over...!,,,,
くっ……敏感なところが……ヒダにねっとり…絡みつく……！,Damn... my sensitive area... it's sticky... clinging to my folds...!,,,,
だ、ダメ……今のだけでもう腰が抜けそうなくらい気持ちいい……,"No, no... it feels so good that I feel like I'm going to give out just now...",,,,
すっご…い…\I[15],Soooo...so...\I[15],,,,
この後、何をすればいいのか本能でわかってしまいます,"After this, I instinctively know what to do.",,,,
こ、こんなの上下に擦ったら……ど、どんなことに……,W-if I rub it up and down like this...w-what will happen...,,,,
はぁ…はぁ…や、やるしかないんですよね……\I[15],"Sigh... Sigh... Well, I have no choice but to do it...\I[15]",,,,
ふ、不本意ですが……\I[15],"Huh, I'm reluctant, but...\I[15]",,,,
シコる、とは、こういう事！ですね！,This is what shikoru means! Right!,,,,
おーッ\I[15]おーッ\I[15],Whoa\I[15]Whoa\I[15],,,,
ちんちんズる度に脳に電流が走りますっ！,An electric current runs through my brain every time I jerk my dick!,,,,
おちんちんの先っちょが脳と直結してる感じだ！,It feels like the tip of your penis is directly connected to your brain!,,,,
んっ\I[15] シコシコ……止まりませんッ！！！,Hmmm\I[15] I can't stop chewing...! ! !,,,,
おっ\I[15]おっ\I[15]おっ\I[15],Oh\I[15]oh\I[15]oh\I[15],,,,
すっごっ\I[15] チンチンゴシゴシ止まりませんッ\I[15],Soooo\I[15] I can't stop scrubbing\I[15],,,,
これ一日中シコれるッ\I[15],I can jerk off to this all day long\I[15],,,,
こんなのっ…！こんなのって…！,This is it...! Something like this...!,,,,
おチンポ舐めてましたッ！,I was licking your cock!,,,,
そりゃ風俗街もあんなに発展するわけですよっ…！,That's why the red-light district has developed so much...!,,,,
おーーーっ\I[15]お”っ\I[15]お”っ\I[15],Ohhh\I[15]Oh”\I[15]Oh”\I[15],,,,
お…おちんちんが…鉄棒みたいに硬くなッてる…！,Oh...my dick...is getting hard like a horizontal bar...!,,,,
バカになるっ\I[15],I'm going to be stupid\I[15],,,,
"おーーーっ\I[16]""","Ohhh\I[16]""",,,,
あ、あれ？キンタマが上がってきましたよッ！？\I[16],"Oh, what? The golden balls have risen! ? \I[16]",,,,
！？……何かがこみ上げて……！\I[16],! ? ... Something is welling up...! \I[16],,,,
あ、精子\I[16],"Ah, sperm\I[16]",,,,
"\RB[精子,ザーメン]だ\I[16] これ絶対\RB[精子,ザーメン]\I[16]","\RB[Sperm, semen]\I[16] This is definitely\RB[sperm, semen]\I[16]",,,,
あ…あれ…？キンタマから………,Ah...huh...? From Kintama...,,,,
下品な猥語が……脳に流れ込んできますッ\I[15],Vulgar obscene words... flow into my brain...\I[15],,,,
おーーヤベッ\I[15]意識が……塗り替えられる…！,Oh my gosh\I[15] Consciousness... is being repainted...!,,,,
"脳が\RB[呪い,チンポ]に支配されてるッ！\I[15]","My brain is controlled by \RB[curse, cock]! \I[15]",,,,
チンポ脳ッッ\I[15],Cock brain\I[15],,,,
チンポが脳になってるッッ\I[15],My cock has become my brain!\I[15],,,,
ぐぁあッッ\I[15],Grrrrrr\I[15],,,,
私がッッ私じゃなくなる！！！\I[15],I'm no longer me! ! ! \I[15],,,,
"あ～もう\I[15] こんな\RB[性玩具,おもちゃ]じゃなくて","Ah, no more \I[15] Not this \RB[sex toy, toy]",,,,
おまんこで発射したくなってきました\I[15],I feel like ejaculating in my pussy\I[15],,,,
ずるいずるいずるい\I[15],"Sly, sly, sly\I[15]",,,,
私だってこの肉棒使って繁殖したい\I[15],I also want to breed using this cock\I[15],,,,
エッチしたい\I[15] 女の子とエッチしたい\I[15],I want to have sex\I[15] I want to have sex with a girl\I[15],,,,
おまんこに精子発射したい\I[15],I want to shoot sperm into your pussy\I[15],,,,
このかっこいいチンポで女の子貫きたい\I[15],I want to penetrate a girl with this cool cock\I[15],,,,
ザーメン発射して女の子征服したいっっ\I[15],I want to conquer girls by ejaculating semen\I[15],,,,
"はぁ…はぁ…\I[15] その辺に\RB[女の子,おまんこ]いないかなぁ…？","Sigh...sigh...\I[15] I wonder if there's any\RB[girl, pussy] around there...?",,,,
男の人ってこんな性欲と毎日戦ってるのですか……！？,Do men struggle with this kind of sexual desire every day...!? ?,,,,
私男に産まれてたら絶っっっ対,"If I had been born a man, I would definitely have it.",,,,
性犯罪者になってましたよォ……！,I became a sex offender...!,,,,
オ”ァ”ア”ァ……！力づくでおまんこ犯して,O”a”a”a…!Fuck my pussy with force,,,,
ちんちん気持ちよくなりたいッ～～！,I want to feel good on my penis!,,,,
あぐ…！想像しただけでもう無理\I[15],Agu...! Just imagining it makes it impossible\I[15],,,,
キンタマから熱っついザーメン昇ってきた\I[15],Hot semen rose from my balls\I[15],,,,
"\RB[射精,で]る……っ","\RB[ejaculate, out]...",,,,
"\RB[射精,で]るっ\RB[射精,で]るっ\RB[射精,で]るっ\RB[射精,で]るっ","\RB[ejaculation, de]ru \RB[ejaculation, de]ru \RB[ejaculation, de]ru \RB[ejaculation, de]ru",,,,
"無理\I[15] お精子、\RB[射精,で]ます\I[15]","Impossible\I[15] Sperm, \RB[ejaculate, with]\I[15]",,,,
センズリでシコ猿になるぅっ\I[15],I'm going to turn into a dick monkey with masturbation\I[15],,,,
"\fs[34]んっ\I[15] お精子\RB[射精,で]るっ\I[15] 出ます！\I[15]","\fs[34]nnn\I[15] Your sperm\RB[ejaculate,de]ru\I[15] It's coming out! \I[15]",,,,
\N[1]の硬くなったイチモツから白く熱い情熱がほとばしった,\N[1]'s hardened penis burst out with white hot passion.,,,,
\fs[34]んおっ\I[15] お射精っ\I[15] 止まらない！\I[15],\fs[34]Ohh\I[15] I'm ejaculating\I[15] I can't stop! \I[15],,,,
フーッ…フーッ…フーッ…\I[15],Hoohoo...hoohoo...hoohoo...\I[15],,,,
ふぅ…どうやら憑き物は落ちたようですね……,Phew...it looks like the possession has disappeared...,,,,
"途中から完全に\RB[呪い,ペニス]に","Halfway through, it completely turned into \RB[curse, penis].",,,,
人格を乗っ取られてしまいました,My personality has been taken over,,,,
これは想像していたよりもはるかに危険な呪いです,This is a far more dangerous curse than I imagined.,,,,
まだ頭と股間がジンジンする…\I[15],My head and crotch still tingle...\I[15],,,,
はぁ…はぁ…男の人はこんな卑猥な棒をつけてるなんて……\I[15],Sigh... Sigh... I can't believe a man wears such an obscene stick...\I[15],,,,
なるほどみな一様にまぐわいたがるわけです,"I see, everyone wants to hang out in the same way.",,,,
一応ゴムを着けておきましょうか,Should I wear a rubber band just in case?,,,,
何がどれだけ出るかわからないし…,I don't know how much will come out...,,,,
ゴム越しなのに……この刺激…！,Even though it's through the rubber...this stimulation...!,,,,
ナマだったら今のでもう果ててたかも…,"If it had been raw, it would have been over by now...",,,,
うおっキンタマから下品な猥語が脳に流れ込んできますッ\I[15],"Oooh, vulgar obscene words are flowing into my brain from my balls!\I[15]",,,,
"あれ？ヤバい！これ脳が\RB[呪い,チンポ]に支配されてるッ！\I[15]","Huh? That's crazy! This brain is controlled by \RB[curse, cock]! \I[15]",,,,
"やっべ\I[15] そんなことより\RB[精子,ザーメン]発射したいッ\I[15]","Yabbe\I[15] Rather than that, I want to ejaculate\RB[sperm, semen]\I[15]",,,,
いいですよね…？ゴムしてるんだし…犯しても…,Isn't it good...? I'm wearing a rubber band...even if I rape her...,,,,
キンタマから熱っついザーメン昇ってきちゃった\I[15],Hot semen rose from my balls\I[15],,,,
も、もう無理\I[15] お精子、ゴム射します\I[15],I-I can't do it anymore\I[15] I'll ejaculate your sperm into the rubber\I[15],,,,
ザーメン風船作りますっ\I[15],I'll make a semen balloon\I[15],,,,
\fs[34]んおっ\I[15] お射精っ\I[15] まだ止まらない！\I[15],\fs[34]Ohh\I[15] I'm ejaculating\I[15] It won't stop yet! \I[15],,,,
"途中から完全に\RB[呪い,ペニス]に人格を乗っ取られてしまいました","Halfway through, my personality was completely taken over by \RB[curse, penis]",,,,
……我ながらとんでもない量が出ましたね,...The amount turned out to be outrageous for me.,,,,
どうしましょう……これ…,What should I do about this...,,,,
\fs[35]んっほぉっ………\I[15],\fs[35]Hmmmm......\I[15],,,,
"\fs[34]んっ\I[15] お精子\RB[射精,で]るっ\I[15]","\fs[34]mm\I[15] Sperm\RB[ejaculation,de]ru\I[15]",,,,
早漏チンポでお精子でる\I[15],Sperm comes out from premature ejaculation cock\I[15],,,,
はぁー…はぁー…はぁー…\I[15],Huh… haah… haah…\I[15],,,,
これは……弾力のあるちくわのような物体です,This is...a resilient chikuwa-like object.,,,,
今の私には必要のないものです,I don't need it right now,,,,

CE360:淫乱能力不足H選択肢拒否[共通処理],CE360: Lewd ability lack H option rejection [common processing],,,,
（不潔…そんなことありえません）,(Unclean...that can't happen),,,,
（今一瞬邪な考えがよぎりました…）,"(Right now, an evil thought occurred to me...)",,,,
（へ、変態じみた考えが……いけないいけない）,"(Huh, such a perverted idea...no, no, no)",,,,
（一旦落ち着きましょう、今のは気の迷いです）,"(Let's calm down for now, I'm just confused)",,,,
（雰囲気に流されてはいけません…！）,(Don't be swayed by the atmosphere...!),,,,

CE361:肛門能力不足H選択肢拒否[共通処理],CE361: Insufficient anal ability H option rejection [Common processing],,,,
（いや…お尻とか絶対無理ですから）,(No...butts are definitely not possible),,,,

CE365:変態能力不足H選択肢拒否[共通処理],CE365: Lack of perverted ability H option rejection [common processing],,,,
（まさかね…変態じゃあるまいし）,(No way...I'm not a pervert),,,,

CE366:洗脳波ピクチャ,CE366: Brainwashing Wave Picture,,,,
ひぎぎ……！うぐっ……っ！！頭が…！しびれ……！,Higigi...! Ugh...! ! My head...! Numbness...!,,,,
あっ……だめっ……！何か…こみあげて……！,Ah...no...! Something…well…!,,,,
イッッッッ………,Ikkkkkkkkkkkkkkkkkkk so,,,,
\fs[34]ッッッッグ………\I[15]\I[15]\I[15],\fs[34]ggggg......\I[15]\I[15]\I[15],,,,
ふーっ…\I[15]ふーっ…\I[15],Huh…\I[15]Huh…\I[15],,,,
"あ”あああ”あ”ああっっ！！頭に何か\RB[挿入,はい]ってくるっっ！！","A""Aaaaaaaaaaaaaaaaaaaaaaaaaaaaaaaaaaaaaaaaaaaaaaaaaaaaaaaaaaaaaaaaaaaaaaaaaaaaaaaaaaaaaaaaaaaaaaaaaaaaaaaaaaaaaaaaaaaaaaaaaaaaaaaaaaaaaaaaaaaaaaaaaaaaaaaaaaaaaaaaaaaaaaaaaaaaaaaaaaaaaaaaaaaaaaaaaaaaaaaaaaaa!! Something \RB[insert, yes] is coming to my head!!",,,,
オア”ーーッッ！ナニカがぁぁっっ脳を這いまわってるぅぅぅっ！,Oh! Nanika is crawling around in my brain!,,,,
くぉぉぉぉぉぉおお！止め…止めで！！！,Kuooooooooo! Stop...stop! ! !,,,,
あばばばばばばばばばばばばばばばばばばばばばばばば,Ababa-ba-ba-ba-ba-ba-ba-ba-ba-ba-ba-ba-ba-ba-ba-ba-ba-ba-ba-ba-ba-ba-ba-ba-ba,,,,
オ”オーッ！イグッ！！イグッイグッイグッ！\I[15],Oh” oh! Igg!! Igggg!! Igggggggggg!\I[15],,,,

CE367:洗脳魔像,CE367: Brainwashing Demon Statue,,,,
en(v[678]>=20)潜在能力解放:\C[1]エーテル\C[0]を抽出,en(v[678]>=20) Potential Release: Extract \C[1] Ether\C[0],,,,
en(v[678]>=30)人格の改変　:\C[27]淫乱傾向\C[0]の上昇,en(v[678]>=30) Personality modification:\C[27]Increase in lewd tendencies\C[0],,,,
en(v[678]>=10)精神の調和　:\C[6]理性値\C[0]を少回復,en(v[678]>=10) Mental harmony:\C[6]Recovers a small amount of rationality value\C[0],,,,
en(v[678]>=80)エーテル療法:\C[18]バッド能力\C[0]除去,en(v[678]>=80) Ether therapy:\C[18]Bad ability\C[0]Removal,,,,
実験を終了する,End the experiment,,,,
今日はこの辺でやめておきます,I'll stop here for today.,,,,
うむ、では切り上げよう,"Hmm, let's wrap it up.",,,,
まだエーテルの影響があるやもしれん,There may still be some etheric influence.,,,,
しばらく安静にしていきなさい,Please rest for a while,,,,
大丈夫かね…！？\N[1]君！,Are you okay...! ? \N[1] You!,,,,
え…ええ……なんとか……まだいけます……,Eh...yeah...somehow...I can still go...,,,,
いや、これ以上は危険だ、やめておこう,"No, it's dangerous any more, let's stop.",,,,
実験データもとれた、もう十分だ,"I got the experimental data, that's enough.",,,,
後はゆっくり休んでくれ、\N[1]君,"Get some rest afterwards,\N[1]-kun.",,,,
\N[1]君！だ、大丈夫か！？しっかりするんだっっ！！！,"\N[1] You! Hey, are you okay! ? Do it well! ! !",,,,
はひ……\I[15] おはなばらけが……みえまふ\I[15],Hahi...\I[15] Ohanabarakega...Mie Mafu\I[15],,,,
おお……素晴らしい！これは今までにないデータだ…！,Oh...that's wonderful! This is unprecedented data...!,,,,
早速文献と照らし合わせてみよう,Let's quickly compare it with the literature.,,,,
\N[1]君、よく頑張ってくれた…！これは偉大な一歩だ…！,\N[1] You did a great job...! This is a great step...!,,,,
これでまた一歩、この魔像の正体に近づいたぞ…！,Now we're one step closer to the true identity of this demon statue...!,,,,
お疲れ様、ゆっくり休んでいってくれ…,"Thank you for your hard work, please rest well...",,,,
よろしい、ではエーテルの影響が抜け切れるまで,"Okay, then until the etheric influence wears off.",,,,
しばらく安静にしていたまえ,Please rest for a while.,,,,
どうした？問題ないはずだ,what up? There should be no problem,,,,
まだ限界値の半分も投与していないぞ,I haven't administered even half of the limit yet.,,,,
す、すみません……これ以上やると……,I-I'm sorry... if I do more...,,,,
意識を失いそうです……,I feel like I'm going to lose consciousness...,,,,
ふん……仕方あるまい、終了だ,"Hmm...it can't be helped, it's over.",,,,
はひ……\I[15] もうらめ…\I[15],Hahi...\I[15] Mourame...\I[15],,,,
なんてだらしのないザマだ……,What a sloppy piece of shit...,,,,
人間、こうはなりたくないものだな……,Humans don't want to be like this...,,,,

CE371:封蝋のレター,CE371: Sealing wax letter,,,,
封蝋を勝手に開けてしまっては,If you open the sealing wax without permission,,,,
落とし主に返すことができなくなりますが……,You will not be able to return it to the owner who lost it...,,,,
勝手に開ける,open at will,,,,
不肖ペスマンが至上の夜へと皆様をご招待いたします,The unworthy Pesman invites you to a supreme night.,,,,
【日時：夜】【場所：上層区西階段先ペスマン公爵邸】\c[0],[Date and time: Night] [Location: Duke Pesman's residence in front of the west stairs in the Upper Ward]\c[0],,,,
\c[5]【ドレスコード：仮面とドレスでお越しください】,\c[5][Dress code: Please come in a mask and dress],,,,

CE372:村民に捕縛される,CE372: Captured by villagers,,,,
無礼者ッ！彼女に触れるなッ！,Rude person! Don't touch her!,,,,
レグルス様！逃げてくださいッ！,Lord Regulus! Please run away!,,,,
放せっ！このっ！,Let go! This!,,,,
\N[1]ーーーッッ！,\N[1]ーーーーーーーーーーーーーーーーーーーーーーーーーーーーーーーーーーー!,,,,
な……何をする気ですか……！？,What...what are you planning to do...! ?,,,,
は、はなしなさいっ……！,"Ha, let's talk...!",,,,
さぁ……君も村人になるんだ………,Now...you too will become a villager...,,,,
よし………はじめるぞ………,Alright...let's get started...,,,,
あばばばばばばばばばばばばばばばばばばば\|\|\|,Baba Baba Baba Baba Baba Baba Baba Baba \|\|\|,,,,
おまんこにな～れ……おまんこにな～れ……,Get into your pussy... Get into your pussy...,,,,
あーーーががががががががっ！！！,Aaaaaaaaaaaaaaaaand! ! !,,,,
陰茎……チンポ……セックス……,Penis...cock...sex...,,,,
中出し……フェラチオ……ザーメン…,Creampie...fellatio...semen...,,,,
殺せ……殺せ……殺せ……殺せ……,Kill it...kill it...kill it...kill it...,,,,
はぁッ……！はぁッ……！はぁッ……！,Huh...! Huh...! Huh...!,,,,

CE373:近衛衛兵,CE373: Guards,,,,
貴様ッ！止まれッ！,You! Stop!,,,,
ここから先は平民の立ち入り禁止区域だ！,"From here on out, it's a restricted area for commoners!",,,,
\i[287]大人しく従う,\i[287]Obey obediently,,,,
！！……これは失礼いたしました！,! ! ...I apologize for this!,,,,
おっと…！これは失礼！,Oops…! This is rude!,,,,
どうぞお通り下さい！,Please pass by!,,,,
いやはや、これは失礼したな,"No, I'm sorry about this.",,,,
やかましいッ！御託はいいからさっさと立ち去れ！,"Noisy! It's okay to leave, so leave quickly!",,,,
フンッ！貴様のような野良犬は知らんな,Hmph! I don't know about stray dogs like you.,,,,
失せろ！牢獄でいたぶられたいか！,beat it! Do you want to be tortured in prison?,,,,
フンッ！,Hmph!,,,,
ここは貴様のような下女のいる場所ではないわッ！,This is not the place for a servant girl like you!,,,,

CE376:低級衛兵,CE376: Low-grade Guard,,,,
私の名は\N[1]です,My name is\N[1],,,,
どうぞ、ご自由にお調べください,Please feel free to investigate.,,,,
うむ、問題なさそうだな,"Hmm, it doesn't seem to be a problem.",,,,
通りたまえ,Please pass by,,,,
チッ……！一応名は通っているみたいだな……行け！,Tsk...! Looks like your name is familiar... Go!,,,,
なに？知らんな、そんな奴は,what? I don't know who that is,,,,
ハッ！知らんな、そんな奴は,Ha! I don't know who that is,,,,
調べさせてもらうぜ、”コレ”が偽乳かどうか\I[15],"Let me find out if ""this"" is fake breasts\I[15]",,,,
さぁ～～～て……職務に戻るとするか,"Well, let's go back to work...",,,,

CE379:指輪の古代文字,CE379: Ancient writing on the ring,,,,
指輪の内側に文字が彫られていますね,There are letters engraved on the inside of the ring.,,,,
\C[6]「不浄の巫女よ、千の時を超え,"\C[6] “Unholy shrine maiden, beyond a thousand times",,,,
灼熱の地脈の底に秘匿せし、我ら民の悲願を成就し給え」\C[0],Please hide it in the depths of the scorching earth and fulfill our people's earnest wish.''\C[0],,,,
なんだろう……古代文字でしょうか？,I wonder what it is...is it ancient writing?,,,,
読めませんね……,I can't read it...,,,,

CE380:エーテル結晶,CE380: Ether crystal,,,,
握りしめる　 \C[1][エーテル獲得]\C[0],Grasp \C[1][Ether acquisition]\C[0],,,,
砕きばらまく \C[6][回想全開放]\C[0],Shatter and scatter\C[6][Reminiscence fully open]\C[0],,,,
今はその時ではない,now is not the time,,,,

CE391:強制退場衛兵,CE391: Forced discharge guard,,,,
ギュスターブ様の命により,By order of Gustave,,,,
ここから先は厳重警備を敷いているッ！,"From here on out, strict security is in place!",,,,
さっさと出ていけ！,Get out now!,,,,

ACTOR1:アトラ,ACTOR1:Atra,,,,
アトラ,Atlas,,,,

ACTOR4:イベント用,ACTOR4: For events,,,,
イベント用,For events,,,,
<FreeAutoActions:[235]>","<SupportActor>
<NormalAutoActions:10>
<FreeAutoActions:[235]>",,,,
ACTOR5:ペーター,ACTOR5: Peter,,,,
ペーター,peter,,,,
ACTOR6:シモン,ACTOR6:Simon,,,,
シモン,simon,,,,
<FreeAutoActions:[235]>","<SupportActor>
<FreeAutoActions:[235]>",,,,
ACTOR7:狼犬,ACTOR7: Wolf dog,,,,
狼犬,wolf dog,,,,
ACTOR9:マックス,ACTOR9: Max,,,,
マックス,max,,,,
ACTOR10:ヒルダ,ACTOR10:Hilda,,,,
ヒルダ,Hilda,,,,
ACTOR11:レグルス,ACTOR11: Regulus,,,,
レグルス,Regulus,,,,
ACTOR12:ルーキー傭兵,ACTOR12: Rookie Mercenary,,,,
ルーキー傭兵,rookie mercenary,,,,
ACTOR13:センチュリオン,ACTOR13:Centurion,,,,
センチュリオン,centurion,,,,
ITEM1:巫女の帰石,ITEM1: Shrine Maiden's Return Stone,,,,
巫女の帰石,Shrine Maiden's Return Stone,,,,
【何度でも使える】ダンジョン内で使うと入口に戻れる","A charm containing the wishes of the shrine maiden Hilda.
[Usable as many times as you like] Use it inside the dungeon to return to the entrance.",,,,
ITEM2:投げ矢,ITEM2: Dart,,,,
投げ矢,dart,,,,
敵単体にダメージ,Damage to a single enemy,,,,
<OrderId:80>","<Battle weight: 40>
<DD price:Math.floor(prev * \V[389] / 100)>

<OrderId:80>",,,,
ITEM3:逆棘の投げ矢,ITEM3: Barbed Dart,,,,
逆棘の投げ矢,barbed dart,,,,
\c[5][出血付与]","Damage to a single enemy
\c[5][Bleeding added]",,,,
<OrderId:81>","<Battle weight: 40>
<DD price:Math.floor(prev * \V[389] / 100)>
<OrderId:81>",,,,
ITEM4:眠り香の投げ矢,ITEM4: Sleeping Incense Dart,,,,
眠り香の投げ矢,Dart of Sleeping Incense,,,,
\c[5][睡眠付与]","Damage to a single enemy
\c[5][Sleep Grant]",,,,
<OrderId:82>","<Battle weight: 40>
<DD price:Math.floor(prev * \V[389] / 100)>
<OrderId:82>",,,,
ITEM5:呪い投げ矢,ITEM5: Cursed dart,,,,
呪い投げ矢,curse dart,,,,
\c[5][呪文封印付与]","Damage to a single enemy
\c[5][Grant spell seal]",,,,
<OrderId:83>","<Battle weight: 40>
<DD price:Math.floor(prev * \V[389] / 100)>
<OrderId:83>",,,,
ITEM6:石化投げ矢,ITEM6: Petrifying dart,,,,
石化投げ矢,petrified dart,,,,
\c[5][即死付与]","Damage to a single enemy
\c[5][Instant death granted]",,,,
<OrderId:84>","<Battle weight: 40>
<DD price:Math.floor(prev * \V[389] / 100)>
<OrderId:84>",,,,
ITEM7:誘惑の投げ矢,ITEM7: Dart of temptation,,,,
誘惑の投げ矢,dart of temptation,,,,
\c[5][発情付与]","Damage to a single enemy depending on beauty
\c[5][Estrus added]",,,,
<OrderId:85>","<Battle weight: 40>
<DD price:Math.floor(prev * \V[389] / 100)>
<OrderId:85>",,,,
ITEM8:???矢,ITEM8:???arrow,,,,
???矢,???arrow,,,,
\c[5][発情付与]","\c[27] Damage to a single enemy depending on beauty
\c[5][Estrus added]",,,,
<OrderId:86>","<Battle weight: 40>
<DD price:Math.floor(prev * \V[389] / 100)>
<OrderId:86>",,,,
ITEM9:聖水の水瓶,ITEM9: Holy water jar,,,,
聖水の水瓶,holy water jar,,,,
\c[6][聖属性ダメージ]","For a while, the weapon will have \c[6]holy attribute\c[0].
\c[6][Holy attribute damage]",,,,
<OrderId:87>","<Battle weight: 40>
<DD price:Math.floor(prev * \V[389] / 100)>
<OrderId:87>",,,,
ITEM10:火油壷,ITEM10: Fire oil pot,,,,
火油壷,fire oil pot,,,,
\c[5][火属性ダメージ]","Fire damage to a single enemy
\c[5][Fire attribute damage]",,,,
<OrderId:88>","<Battle weight: 40>
<DD price:Math.floor(prev * \V[389] / 100)>
<OrderId:88>",,,,
ITEM11:炸裂瓶,ITEM11: Explosive Bottle,,,,
炸裂瓶,explosive bottle,,,,
\c[5][火属性ダメージ]","Large fire damage to a single enemy
\c[5][Fire attribute damage]",,,,
<OrderId:89>","<Battle weight: 40>
<DD price:Math.floor(prev * \V[389] / 100)>
<OrderId:89>",,,,
ITEM12:劇毒壺,ITEM12: Poison pot,,,,
劇毒壺,potion of deadly poison,,,,
\c[5][致死毒付与]","Damage to a single enemy
\c[5][Death poisoning]",,,,
<OrderId:90>","<Battle weight: 40>
<DD price:Math.floor(prev * \V[389] / 100)>
<OrderId:90>",,,,
ITEM13:閃光フラスコ,ITEM13: Flash flask,,,,
閃光フラスコ,flash flask,,,,
〈H拘束状態:性欲ゲージ上昇、攻撃・逃走不可〉","\c[2]H If used while restrained, stuns all enemies and breaks out of restraint\c[0]
<H restraint state: Libido gauge rises, attack/escape not possible>",,,,
<OrderId:91>","<Battle weight: 40>
<DD price:Math.floor(prev * \V[389] / 100)>
<OrderId:91>",,,,
ITEM14:青く発光する瓶,ITEM14: Blue luminous bottle,,,,
青く発光する瓶,bottle that glows blue,,,,
<効果：\c[27]？？？\c[0]>","\c[2]The small bottle contains a faintly glowing blue mucus\c[0]
<Effect:\c[27]? ? ? \c[0]>",,,,
<OrderId:40>","<Battle weight: 40>
<DD price:Math.floor(prev * \V[389] / 100)>
<OrderId:40>",,,,
ITEM15:睾丸漬けの薬瓶,ITEM15: Vial of testicles,,,,
睾丸漬けの薬瓶,Vial of testicles,,,,
<効果：\c[27]？？？\c[0]>","\c[2]Dangerous drugs used by demi-humans to brainwash captured humans\c[0]
<Effect:\c[27]? ? ? \c[0]>",,,,
<OrderId:41>","<Battle weight: 40>
<DD price:Math.floor(prev * \V[389] / 100)>
<OrderId:41>",,,,
ITEM16:石化の小瓶,ITEM16: Small bottle of petrification,,,,
石化の小瓶,small bottle of petrification,,,,
<効果：\c[27]？？？\c[0]>","\c[2]A vial containing a cursed liquid that turns into stone\c[0]
<Effect:\c[27]? ? ? \c[0]>",,,,
<OrderId:42>","<Battle weight: 40>
<DD price:Math.floor(prev * \V[389] / 100)>
<OrderId:42>",,,,
ITEM17:濁った瞳の薬瓶,ITEM17: Vial with cloudy eyes,,,,
濁った瞳の薬瓶,medicine bottle with cloudy eyes,,,,
\C[6]<隠密：人や魔物の視線から感知されなくなる>","~A medicine bottle filled with creepy eyeballs, sometimes our eyes meet~
\C[6]<Concealment: Undetectable from the gaze of humans and monsters>",,,,
<OrderId:43>","<DD price:Math.floor(prev * \V[389] / 100)>
<EICSwitch:178>
<OrderId:43>",,,,
ITEM18:毒蟲漬けの薬瓶,ITEM18: Vial filled with poisonous insects,,,,
毒蟲漬けの薬瓶,Vial full of poisonous insects,,,,
\c[5]<毒沼無効：しばらく毒沼によるダメージを無効化>","~A hidden secret medicine that controls poisonous swamps by harboring deadly poison~
\c[5]<Poison Swamp Immunity: Temporarily invalidates damage caused by Poison Swamp>",,,,
<OrderId:44>","<DD price:Math.floor(prev * \V[389] / 100)>
<EICSwitch:178>
<OrderId:44>",,,,
ITEM19:竜血の小瓶,ITEM19: Vial of dragon blood,,,,
竜血の小瓶,vial of dragon blood,,,,
\c[5]<溶岩軽減：しばらく溶岩地形によるダメージを大幅カット>","~A small bottle containing sooty slime that glows red~
\c[5]<Lava reduction: Significantly reduces damage caused by lava terrain for a while>",,,,
<OrderId:45>","<Battle weight: 40>
<DD price:Math.floor(prev * \V[389] / 100)>
<OrderId:45>",,,,
ITEM20:オットーの薬瓶,ITEM20: Otto's medicine bottle,,,,
オットーの薬瓶,otto's medicine bottle,,,,
ITEM21:回復薬,ITEM21: Recovery medicine,,,,
回復薬,recovery medicine,,,,
【所持: \v[13]個】\C[3]【薬学Lv \v[299]】\C[0]\C[6]【理性値 \v[203]%】","\c[1]HP/MP recovery\c[0] [Catalyst effect:\v[430]]\C[0]
[Possession: \v[13] pieces]\C[3][Pharmacy Lv \v[299]]\C[0]\C[6][Rationality value \v[203]%]",,,,
<OrderId:49>,<OrderId:49>,,,,
ITEM22:力の霊薬瓶,ITEM22: Elixir of Power,,,,
力の霊薬瓶,Vial of Power,,,,
〈\i[137]攻撃強化:しばらくの間、物攻・魔力・祈力を大きく上げる〉","A secret medicine containing various medicinal herbs and spiritual water.
〈\i[137] Attack enhancement: Greatly increases physical attack, magic power, and prayer power for a while〉",,,,
<OrderId:46>","<Battle weight: 40>
<DD price:Math.floor(prev * \V[389] / 100)>
<OrderId:46>",,,,
ITEM24:リペアキット,ITEM24: Repair kit,,,,
リペアキット,repair kit,,,,
<下着破損: 被ダメージ(大), \c[27]拘束攻撃\c[0]回避率↓(大)>","Fully restores leotard's durability
<Underwear damage: Damage received (large), \c[27] Restraint attack\c[0] Evasion rate ↓ (large)>",,,,
<OrderId:1>","<Battle weight: 40>
<DD price:Math.floor(prev * \V[389] / 100)>
<OrderId:1>",,,,
ITEM25:帰還のスクロール,ITEM25: Scroll of Return,,,,
帰還のスクロール,scroll of return,,,,
\c[2]ダンジョン入口に戻る / 一度使うと無くなる\c[0]","A disposable scroll with a teleportation spell on it.
\c[2] Return to dungeon entrance / Once used, it disappears\c[0]",,,,
<DD価格:Math.floor(prev * \V[389] / 100)>,<DD price:Math.floor(prev * \V[389] / 100)>,,,,
ITEM26:松明,ITEM26:Torch,,,,
松明,torch,,,,
【消耗アイテム】","Can illuminate a wide area for a while
[Consumable items]",,,,
<DD価格:prev + \V[18]*5>,<DD price: prev + \V[18]*5>,,,,
ITEM27:くさびの転移石,ITEM27: Wedge transition stone,,,,
くさびの転移石,Wedge metastasis stone,,,,
\c[2]現在座標を一度限り、テレポーターと強制的に繋ぐ\c[0]","An extremely valuable teleportation stone fragment that will shatter into pieces once used.
\c[2]Forcibly connect the current coordinates to the teleporter once only\c[0]",,,,
ITEM28:聖水,ITEM28: Holy water,,,,
聖水,holy water,,,,
\c[2]敵の強化状態を解除する\c[0]","Ironically, the people who respected this blessed holy water the most were the grave robbers.
\c[2]Cancels enemy's enhanced state\c[0]",,,,
<OrderId:103>","<Battle weight: 40>
<DD price:Math.floor(prev * \V[389] / 100)>
<OrderId:103>",,,,
ITEM29:ホムンクルス,ITEM29:Homunculus,,,,
ホムンクルス,homunculus,,,,
錬金術で生み出された偽りの命、ほぼ全ての状態異常を治す","\c[2]Recovers all status abnormalities\c[0]
A false life created through alchemy that cures almost all abnormal conditions.",,,,
<OrderId:3>","<Battle weight: 40>
<DD price:Math.floor(prev * \V[389] / 100)>
<OrderId:3>",,,,
ITEM30:オナホール,ITEM30: Onahole,,,,
オナホール,masturbator,,,,
〈\i[131]ふたなり:被ダメージ増、そのまま街に戻ると捕まる〉","\c[2]Cure hermaphrodite condition by squeezing the cursed rod\c[0]
〈\i[131]Futanari: Damage taken increases, if you return to the city, you will be captured〉",,,,
<OrderId:9>","<Battle weight: 40>
<DD price:Math.floor(prev * \V[389] / 100)>
<OrderId:9>",,,,
ITEM31:ハーブティー,ITEM31: Herbal tea,,,,
ハーブティー,herbal tea,,,,
特殊な香草が配合されており疲れが和らぐ、強い利尿作用がある","\c[3]Fatigue recovery [small], \c[6]urination [large]\c[0]
Contains special herbs that relieve fatigue and have a strong diuretic effect",,,,
<OrderId:2>","<EICSwitch:178>
<OrderId:2>",,,,
ITEM32:包帯,ITEM32:Bandage,,,,
包帯,bandage,,,,
〈\i[122]出血:継続ダメージ（小）〉〈\i[116]火傷:自然治癒力低下〉","\c[2]Treat bleeding and burn conditions\c[0]
〈\i[122] Bleeding: Continuous damage (small)〉〈\i[116] Burns: Decrease in natural healing power〉",,,,
<OrderId:2>","<Battle weight: 40>
<DD price:Math.floor(prev * \V[389] / 100)>
<OrderId:2>",,,,
ITEM33:血清,ITEM33: Serum,,,,
血清,serum,,,,
〈\i[117]致死毒:継続ダメージ大〉","\c[2]Cure deadly poison\c[0]
〈\i[117] Lethal poison: Large continuous damage〉",,,,
ITEM34:エタノール,ITEM34:Ethanol,,,,
エタノール,ethanol,,,,
〈\i[136]吸血ワーム:継続ダメージ（中）〉〈\i[115]凍結:速度・回避率低下〉","\c[2]Treats mucus, blood-sucking leech, and freezing\c[0]　〈\i[121]Slime: Underwear damage〉
〈\i[136] Vampire worm: Continuous damage (medium)〉 〈\i[115] Freezing: Speed/evasion rate decrease〉",,,,
<OrderId:4>","<Battle weight: 40>
<DD price:Math.floor(prev * \V[389] / 100)>
<OrderId:4>",,,,
ITEM35:粗塩,ITEM35: Coarse salt,,,,
粗塩,coarse salt,,,,
〈\i[120]呪い:魔術・祈り封印〉","\c[2]Cure the curse\c[0]
〈\i[120] Curse: Magic/Prayer Seal〉",,,,
<OrderId:5>","<Battle weight: 40>
<DD price:Math.floor(prev * \V[389] / 100)>
<OrderId:5>",,,,
ITEM36:整腸薬,ITEM36: Intestinal medicine,,,,
整腸薬,intestinal medicine,,,,
〈\i[129]腹痛:スライムを排泄するとエーテルを失う〉","\c[2]Treat abdominal pain\c[0]
〈\i[129] Abdominal pain: You lose ether when you excrete slime〉",,,,
<OrderId:6>","<Battle weight: 40>
<DD price:Math.floor(prev * \V[389] / 100)>
<OrderId:6>",,,,
ITEM37:石解けの軟膏,ITEM37: Stone melting ointment,,,,
石解けの軟膏,stone melting ointment,,,,
